 GRUPO CFOP ;CFOP;DESCRIÇÃO_CFOP
1000 - ENTRADAS OU AQUISIÇÕES DE SERVIÇOS DO ESTADO;1101;Compra p/ industrialização ou produção rural
1000 - ENTRADAS OU AQUISIÇÕES DE SERVIÇOS DO ESTADO;1102;Compra p/ comercialização
1000 - ENTRADAS OU AQUISIÇÕES DE SERVIÇOS DO ESTADO;1111;Compra p/ industrialização de mercadoria recebida anteriormente em consignação industrial
1000 - ENTRADAS OU AQUISIÇÕES DE SERVIÇOS DO ESTADO;1113;Compra p/ comercialização, de mercadoria recebida anteriormente em consignação mercantil
1000 - ENTRADAS OU AQUISIÇÕES DE SERVIÇOS DO ESTADO;1116;Compra p/ industrialização ou produção rural originada de encomenda p/ recebimento futuro
1000 - ENTRADAS OU AQUISIÇÕES DE SERVIÇOS DO ESTADO;1117;Compra p/ comercialização originada de encomenda p/ recebimento futuro
1000 - ENTRADAS OU AQUISIÇÕES DE SERVIÇOS DO ESTADO;1118;Compra de mercadoria p/ comercialização pelo adquirente originário, entregue pelo vendedor remetente ao destinatário, em venda à ordem.
1000 - ENTRADAS OU AQUISIÇÕES DE SERVIÇOS DO ESTADO;1120;Compra p/ industrialização, em venda à ordem, já recebida do vendedor remetente
1000 - ENTRADAS OU AQUISIÇÕES DE SERVIÇOS DO ESTADO;1121;Compra p/ comercialização, em venda à ordem, já recebida do vendedor remetente
1000 - ENTRADAS OU AQUISIÇÕES DE SERVIÇOS DO ESTADO;1122;Compra p/ industrialização em que a mercadoria foi remetida pelo fornecedor ao industrializador sem transitar pelo estabelecimento adquirente
1000 - ENTRADAS OU AQUISIÇÕES DE SERVIÇOS DO ESTADO;1124;Industrialização efetuada por outra empresa
1000 - ENTRADAS OU AQUISIÇÕES DE SERVIÇOS DO ESTADO;1125;Industrialização efetuada por outra empresa quando a mercadoria remetida p/ utilização no processo de industrialização não transitou pelo estabelecimento adquirente da mercadoria
1000 - ENTRADAS OU AQUISIÇÕES DE SERVIÇOS DO ESTADO;1126;Compra p/ utilização na prestação de serviço sujeita ao ICMS
1000 - ENTRADAS OU AQUISIÇÕES DE SERVIÇOS DO ESTADO;1128;Compra p/ utilização na prestação de serviço sujeita ao ISSQN
1000 - ENTRADAS OU AQUISIÇÕES DE SERVIÇOS DO ESTADO;1131;Compra p/ utilização na prestação de serviço sujeita ao ISSQN
1000 - ENTRADAS OU AQUISIÇÕES DE SERVIÇOS DO ESTADO;1132;Compra p/ utilização na prestação de serviço sujeita ao ISSQN
1000 - ENTRADAS OU AQUISIÇÕES DE SERVIÇOS DO ESTADO;1135;Compra p/ utilização na prestação de serviço sujeita ao ISSQN
1000 - ENTRADAS OU AQUISIÇÕES DE SERVIÇOS DO ESTADO;1151;Transferência p/ industrialização ou produção rural
1000 - ENTRADAS OU AQUISIÇÕES DE SERVIÇOS DO ESTADO;1152;Transferência p/ comercialização
1000 - ENTRADAS OU AQUISIÇÕES DE SERVIÇOS DO ESTADO;1153;Transferência de energia elétrica p/ distribuição
1000 - ENTRADAS OU AQUISIÇÕES DE SERVIÇOS DO ESTADO;1154;Transferência p/ utilização na prestação de serviço
1000 - ENTRADAS OU AQUISIÇÕES DE SERVIÇOS DO ESTADO;1159;Transferência p/ utilização na prestação de serviço
1000 - ENTRADAS OU AQUISIÇÕES DE SERVIÇOS DO ESTADO;1201;Devolução de venda de produção do estabelecimento 
1000 - ENTRADAS OU AQUISIÇÕES DE SERVIÇOS DO ESTADO;1202;Devolução de venda de mercadoria adquirida ou recebida de terceiros
1000 - ENTRADAS OU AQUISIÇÕES DE SERVIÇOS DO ESTADO;1203;Devolução de venda de produção do estabelecimento, destinada à ZFM ou ALC
1000 - ENTRADAS OU AQUISIÇÕES DE SERVIÇOS DO ESTADO;1204;Devolução de venda de mercadoria adquirida ou recebida de terceiros, destinada à ZFM ou ALC
1000 - ENTRADAS OU AQUISIÇÕES DE SERVIÇOS DO ESTADO;1205;Anulação de valor relativo à prestação de serviço de comunicação
1000 - ENTRADAS OU AQUISIÇÕES DE SERVIÇOS DO ESTADO;1206;Anulação de valor relativo à prestação de serviço de transporte
1000 - ENTRADAS OU AQUISIÇÕES DE SERVIÇOS DO ESTADO;1207;Anulação de valor relativo à venda de energia elétrica
1000 - ENTRADAS OU AQUISIÇÕES DE SERVIÇOS DO ESTADO;1208;Devolução de produção do estabelecimento, remetida em transferência
1000 - ENTRADAS OU AQUISIÇÕES DE SERVIÇOS DO ESTADO;1209;Devolução de mercadoria adquirida ou recebida de terceiros, remetida em transferência
1000 - ENTRADAS OU AQUISIÇÕES DE SERVIÇOS DO ESTADO;1212;Devolução de venda no mercado interno de mercadoria industrializada e insumo importado sob o Regime Aduaneiro Especial de Entreposto Industrial (Recof-Sped)
1000 - ENTRADAS OU AQUISIÇÕES DE SERVIÇOS DO ESTADO;1213;Devolução de venda no mercado interno de mercadoria industrializada e insumo importado sob o Regime Aduaneiro Especial de Entreposto Industrial (Recof-Sped)
1000 - ENTRADAS OU AQUISIÇÕES DE SERVIÇOS DO ESTADO;1214;Devolução de venda no mercado interno de mercadoria industrializada e insumo importado sob o Regime Aduaneiro Especial de Entreposto Industrial (Recof-Sped)
1000 - ENTRADAS OU AQUISIÇÕES DE SERVIÇOS DO ESTADO;1251;Compra de energia elétrica p/ distribuição ou comercialização
1000 - ENTRADAS OU AQUISIÇÕES DE SERVIÇOS DO ESTADO;1252;Compra de energia elétrica por estabelecimento industrial
1000 - ENTRADAS OU AQUISIÇÕES DE SERVIÇOS DO ESTADO;1253;Compra de energia elétrica por estabelecimento comercial
1000 - ENTRADAS OU AQUISIÇÕES DE SERVIÇOS DO ESTADO;1254;Compra de energia elétrica por estabelecimento prestador de serviço de transporte
1000 - ENTRADAS OU AQUISIÇÕES DE SERVIÇOS DO ESTADO;1255;Compra de energia elétrica por estabelecimento prestador de serviço de comunicação
1000 - ENTRADAS OU AQUISIÇÕES DE SERVIÇOS DO ESTADO;1256;Compra de energia elétrica por estabelecimento de produtor rural
1000 - ENTRADAS OU AQUISIÇÕES DE SERVIÇOS DO ESTADO;1257;Compra de energia elétrica p/ consumo por demanda contratada
1000 - ENTRADAS OU AQUISIÇÕES DE SERVIÇOS DO ESTADO;1301;Aquisição de serviço de comunicação p/ execução de serviço da mesma natureza
1000 - ENTRADAS OU AQUISIÇÕES DE SERVIÇOS DO ESTADO;1302;Aquisição de serviço de comunicação por estabelecimento industrial
1000 - ENTRADAS OU AQUISIÇÕES DE SERVIÇOS DO ESTADO;1303;Aquisição de serviço de comunicação por estabelecimento comercial
1000 - ENTRADAS OU AQUISIÇÕES DE SERVIÇOS DO ESTADO;1304;Aquisição de serviço de comunicação por estabelecimento de prestador de serviço de transporte
1000 - ENTRADAS OU AQUISIÇÕES DE SERVIÇOS DO ESTADO;1305;Aquisição de serviço de comunicação por estabelecimento de geradora ou de distribuidora de energia elétrica
1000 - ENTRADAS OU AQUISIÇÕES DE SERVIÇOS DO ESTADO;1306;Aquisição de serviço de comunicação por estabelecimento de produtor rural
1000 - ENTRADAS OU AQUISIÇÕES DE SERVIÇOS DO ESTADO;1351;Aquisição de serviço de transporte p/ execução de serviço da mesma natureza
1000 - ENTRADAS OU AQUISIÇÕES DE SERVIÇOS DO ESTADO;1352;Aquisição de serviço de transporte por estabelecimento industrial
1000 - ENTRADAS OU AQUISIÇÕES DE SERVIÇOS DO ESTADO;1353;Aquisição de serviço de transporte por estabelecimento comercial
1000 - ENTRADAS OU AQUISIÇÕES DE SERVIÇOS DO ESTADO;1354;Aquisição de serviço de transporte por estabelecimento de prestador de serviço de comunicação
1000 - ENTRADAS OU AQUISIÇÕES DE SERVIÇOS DO ESTADO;1355;Aquisição de serviço de transporte por estabelecimento de geradora ou de distribuidora de energia elétrica
1000 - ENTRADAS OU AQUISIÇÕES DE SERVIÇOS DO ESTADO;1356;Aquisição de serviço de transporte por estabelecimento de produtor rural
1000 - ENTRADAS OU AQUISIÇÕES DE SERVIÇOS DO ESTADO;1360;Aquisição de serviço de transporte por contribuinte-substituto em relação ao serviço de transporte
1000 - ENTRADAS OU AQUISIÇÕES DE SERVIÇOS DO ESTADO;1401;Compra p/ industrialização ou produção rural de mercadoria sujeita a ST
1000 - ENTRADAS OU AQUISIÇÕES DE SERVIÇOS DO ESTADO;1403;Compra p/ comercialização em operação com mercadoria sujeita a ST
1000 - ENTRADAS OU AQUISIÇÕES DE SERVIÇOS DO ESTADO;1406;Compra de bem p/ o ativo imobilizado cuja mercadoria está sujeita a ST
1000 - ENTRADAS OU AQUISIÇÕES DE SERVIÇOS DO ESTADO;1407;Compra de mercadoria p/ uso ou consumo cuja mercadoria está sujeita a ST
1000 - ENTRADAS OU AQUISIÇÕES DE SERVIÇOS DO ESTADO;1408;Transferência p/ industrialização ou produção rural de mercadoria sujeita a ST
1000 - ENTRADAS OU AQUISIÇÕES DE SERVIÇOS DO ESTADO;1409;Transferência p/ comercialização em operação com mercadoria sujeita a ST
1000 - ENTRADAS OU AQUISIÇÕES DE SERVIÇOS DO ESTADO;1410;Devolução de venda de mercadoria, de produção do estabelecimento, sujeita a ST
1000 - ENTRADAS OU AQUISIÇÕES DE SERVIÇOS DO ESTADO;1411;Devolução de venda de mercadoria adquirida ou recebida de terceiros em operação com mercadoria sujeita a ST
1000 - ENTRADAS OU AQUISIÇÕES DE SERVIÇOS DO ESTADO;1414;Retorno de mercadoria de produção do estabelecimento, remetida p/ venda fora do estabelecimento, sujeita a ST
1000 - ENTRADAS OU AQUISIÇÕES DE SERVIÇOS DO ESTADO;1415;Retorno de mercadoria adquirida ou recebida de terceiros, remetida p/ venda fora do estabelecimento em operação com mercadoria sujeita a ST
1000 - ENTRADAS OU AQUISIÇÕES DE SERVIÇOS DO ESTADO;1451;Retorno de animal do estabelecimento produtor
1000 - ENTRADAS OU AQUISIÇÕES DE SERVIÇOS DO ESTADO;1452;Retorno de insumo não utilizado na produção
1000 - ENTRADAS OU AQUISIÇÕES DE SERVIÇOS DO ESTADO;1501;Entrada de mercadoria recebida com fim específico de exportação
1000 - ENTRADAS OU AQUISIÇÕES DE SERVIÇOS DO ESTADO;1503;Entrada decorrente de devolução de produto, de fabricação do estabelecimento, remetido com fim específico de exportação
1000 - ENTRADAS OU AQUISIÇÕES DE SERVIÇOS DO ESTADO;1504;Entrada decorrente de devolução de mercadoria remetida com fim específico de exportação, adquirida ou recebida de terceiros
1000 - ENTRADAS OU AQUISIÇÕES DE SERVIÇOS DO ESTADO;1505;Entrada decorrente de devolução simbólica de mercadoria remetida p/ formação de lote de exportação, de produto industrializado ou produzido pelo próprio estabelecimento.
1000 - ENTRADAS OU AQUISIÇÕES DE SERVIÇOS DO ESTADO;1506;Entrada decorrente de devolução simbólica de mercadoria, adquirida ou recebida de terceiros, remetida p/ formação de lote de exportação.
1000 - ENTRADAS OU AQUISIÇÕES DE SERVIÇOS DO ESTADO;1551;Compra de bem p/ o ativo imobilizado
1000 - ENTRADAS OU AQUISIÇÕES DE SERVIÇOS DO ESTADO;1552;Transferência de bem do ativo imobilizado
1000 - ENTRADAS OU AQUISIÇÕES DE SERVIÇOS DO ESTADO;1553;Devolução de venda de bem do ativo imobilizado
1000 - ENTRADAS OU AQUISIÇÕES DE SERVIÇOS DO ESTADO;1554;Retorno de bem do ativo imobilizado remetido p/ uso fora do estabelecimento
1000 - ENTRADAS OU AQUISIÇÕES DE SERVIÇOS DO ESTADO;1555;Entrada de bem do ativo imobilizado de terceiro, remetido p/ uso no estabelecimento
1000 - ENTRADAS OU AQUISIÇÕES DE SERVIÇOS DO ESTADO;1556;Compra de material p/ uso ou consumo
1000 - ENTRADAS OU AQUISIÇÕES DE SERVIÇOS DO ESTADO;1557;Transferência de material p/ uso ou consumo
1000 - ENTRADAS OU AQUISIÇÕES DE SERVIÇOS DO ESTADO;1601;Recebimento, por transferência, de crédito de ICMS
1000 - ENTRADAS OU AQUISIÇÕES DE SERVIÇOS DO ESTADO;1602;Recebimento, por transferência, de saldo credor do ICMS, de outro estabelecimento da mesma empresa, p/ compensação de saldo devedor do imposto. 
1000 - ENTRADAS OU AQUISIÇÕES DE SERVIÇOS DO ESTADO;1603;Ressarcimento de ICMS retido por substituição tributária
1000 - ENTRADAS OU AQUISIÇÕES DE SERVIÇOS DO ESTADO;1604;Lançamento do crédito relativo à compra de bem p/ o ativo imobilizado
1000 - ENTRADAS OU AQUISIÇÕES DE SERVIÇOS DO ESTADO;1605;Recebimento, por transferência, de saldo devedor do ICMS de outro estabelecimento da mesma empresa
1000 - ENTRADAS OU AQUISIÇÕES DE SERVIÇOS DO ESTADO;1651;Compra de combustível ou lubrificante p/ industrialização subseqüente
1000 - ENTRADAS OU AQUISIÇÕES DE SERVIÇOS DO ESTADO;1652;Compra de combustível ou lubrificante p/ comercialização
1000 - ENTRADAS OU AQUISIÇÕES DE SERVIÇOS DO ESTADO;1653;Compra de combustível ou lubrificante por consumidor ou usuário final
1000 - ENTRADAS OU AQUISIÇÕES DE SERVIÇOS DO ESTADO;1658;Transferência de combustível ou lubrificante p/ industrialização
1000 - ENTRADAS OU AQUISIÇÕES DE SERVIÇOS DO ESTADO;1659;Transferência de combustível ou lubrificante p/ comercialização
1000 - ENTRADAS OU AQUISIÇÕES DE SERVIÇOS DO ESTADO;1660;Devolução de venda de combustível ou lubrificante destinados à industrialização subseqüente
1000 - ENTRADAS OU AQUISIÇÕES DE SERVIÇOS DO ESTADO;1661;Devolução de venda de combustível ou lubrificante destinados à comercialização
1000 - ENTRADAS OU AQUISIÇÕES DE SERVIÇOS DO ESTADO;1662;Devolução de venda de combustível ou lubrificante destinados a consumidor ou usuário final
1000 - ENTRADAS OU AQUISIÇÕES DE SERVIÇOS DO ESTADO;1663;Entrada de combustível ou lubrificante p/ armazenagem
1000 - ENTRADAS OU AQUISIÇÕES DE SERVIÇOS DO ESTADO;1664;Retorno de combustível ou lubrificante remetidos p/ armazenagem
1000 - ENTRADAS OU AQUISIÇÕES DE SERVIÇOS DO ESTADO;1901;Entrada p/ industrialização por encomenda
1000 - ENTRADAS OU AQUISIÇÕES DE SERVIÇOS DO ESTADO;1902;Retorno de mercadoria remetida p/ industrialização por encomenda
1000 - ENTRADAS OU AQUISIÇÕES DE SERVIÇOS DO ESTADO;1903;Entrada de mercadoria remetida p/ industrialização e não aplicada no referido processo
1000 - ENTRADAS OU AQUISIÇÕES DE SERVIÇOS DO ESTADO;1904;Retorno de remessa p/ venda fora do estabelecimento
1000 - ENTRADAS OU AQUISIÇÕES DE SERVIÇOS DO ESTADO;1905;Entrada de mercadoria recebida p/ depósito em depósito fechado ou armazém geral
1000 - ENTRADAS OU AQUISIÇÕES DE SERVIÇOS DO ESTADO;1906;Retorno de mercadoria remetida p/ depósito fechado ou armazém geral
1000 - ENTRADAS OU AQUISIÇÕES DE SERVIÇOS DO ESTADO;1907;Retorno simbólico de mercadoria remetida p/ depósito fechado ou armazém geral
1000 - ENTRADAS OU AQUISIÇÕES DE SERVIÇOS DO ESTADO;1908;Entrada de bem por conta de contrato de comodato
1000 - ENTRADAS OU AQUISIÇÕES DE SERVIÇOS DO ESTADO;1909;Retorno de bem remetido por conta de contrato de comodato
1000 - ENTRADAS OU AQUISIÇÕES DE SERVIÇOS DO ESTADO;1910;Entrada de bonificação, doação ou brinde
1000 - ENTRADAS OU AQUISIÇÕES DE SERVIÇOS DO ESTADO;1911;Entrada de amostra grátis
1000 - ENTRADAS OU AQUISIÇÕES DE SERVIÇOS DO ESTADO;1912;Entrada de mercadoria ou bem recebido p/ demonstração
1000 - ENTRADAS OU AQUISIÇÕES DE SERVIÇOS DO ESTADO;1913;Retorno de mercadoria ou bem remetido p/ demonstração
1000 - ENTRADAS OU AQUISIÇÕES DE SERVIÇOS DO ESTADO;1914;Retorno de mercadoria ou bem remetido p/ exposição ou feira
1000 - ENTRADAS OU AQUISIÇÕES DE SERVIÇOS DO ESTADO;1915;Entrada de mercadoria ou bem recebido p/ conserto ou reparo
1000 - ENTRADAS OU AQUISIÇÕES DE SERVIÇOS DO ESTADO;1916;Retorno de mercadoria ou bem remetido p/ conserto ou reparo
1000 - ENTRADAS OU AQUISIÇÕES DE SERVIÇOS DO ESTADO;1917;Entrada de mercadoria recebida em consignação mercantil ou industrial
1000 - ENTRADAS OU AQUISIÇÕES DE SERVIÇOS DO ESTADO;1918;Devolução de mercadoria remetida em consignação mercantil ou industrial
1000 - ENTRADAS OU AQUISIÇÕES DE SERVIÇOS DO ESTADO;1919;Devolução simbólica de mercadoria vendida ou utilizada em processo industrial, remetida anteriormente em consignação mercantil ou industrial
1000 - ENTRADAS OU AQUISIÇÕES DE SERVIÇOS DO ESTADO;1920;Entrada de vasilhame ou sacaria
1000 - ENTRADAS OU AQUISIÇÕES DE SERVIÇOS DO ESTADO;1921;Retorno de vasilhame ou sacaria
1000 - ENTRADAS OU AQUISIÇÕES DE SERVIÇOS DO ESTADO;1922;Lançamento efetuado a título de simples faturamento decorrente de compra p/ recebimento futuro
1000 - ENTRADAS OU AQUISIÇÕES DE SERVIÇOS DO ESTADO;1923;Entrada de mercadoria recebida do vendedor remetente, em venda à ordem
1000 - ENTRADAS OU AQUISIÇÕES DE SERVIÇOS DO ESTADO;1924;Entrada p/ industrialização por conta e ordem do adquirente da mercadoria, quando esta não transitar pelo estabelecimento do adquirente
1000 - ENTRADAS OU AQUISIÇÕES DE SERVIÇOS DO ESTADO;1925;Retorno de mercadoria remetida p/ industrialização por conta e ordem do adquirente da mercadoria, quando esta não transitar pelo estabelecimento do adquirente
1000 - ENTRADAS OU AQUISIÇÕES DE SERVIÇOS DO ESTADO;1926;Lançamento efetuado a título de reclassificação de mercadoria decorrente de formação de kit ou de sua desagregação
1000 - ENTRADAS OU AQUISIÇÕES DE SERVIÇOS DO ESTADO;1931;Lançamento efetuado pelo tomador do serviço de transporte, quando a responsabilidade de retenção do imposto for atribuída ao remetente ou alienante da mercadoria, pelo serviço de transporte realizado por transportador autônomo ou por transportador não-inscrito na UF onde se tenha iniciado o serviço.
1000 - ENTRADAS OU AQUISIÇÕES DE SERVIÇOS DO ESTADO;1932;Aquisição de serviço de transporte iniciado em UF diversa daquela onde esteja inscrito o prestador
1000 - ENTRADAS OU AQUISIÇÕES DE SERVIÇOS DO ESTADO;1933;Aquisição de serviço tributado pelo Imposto sobre Serviços de Qualquer Natureza
1000 - ENTRADAS OU AQUISIÇÕES DE SERVIÇOS DO ESTADO;1934;Entrada simbólica de mercadoria recebida p/ depósito fechado ou armazém geral
1000 - ENTRADAS OU AQUISIÇÕES DE SERVIÇOS DO ESTADO;1949;Outra entrada de mercadoria ou prestação de serviço não especificada
2000 - ENTRADAS OU AQUISIÇÕES DE SERVIÇOS DE OUTROS ESTADOS;2101;Compra p/ industrialização ou produção rural
2000 - ENTRADAS OU AQUISIÇÕES DE SERVIÇOS DE OUTROS ESTADOS;2102;Compra p/ comercialização
2000 - ENTRADAS OU AQUISIÇÕES DE SERVIÇOS DE OUTROS ESTADOS;2111;Compra p/ industrialização de mercadoria recebida anteriormente em consignação industrial
2000 - ENTRADAS OU AQUISIÇÕES DE SERVIÇOS DE OUTROS ESTADOS;2113;Compra p/ comercialização, de mercadoria recebida anteriormente em consignação mercantil
2000 - ENTRADAS OU AQUISIÇÕES DE SERVIÇOS DE OUTROS ESTADOS;2116;Compra p/ industrialização ou produção rural originada de encomenda p/ recebimento futuro
2000 - ENTRADAS OU AQUISIÇÕES DE SERVIÇOS DE OUTROS ESTADOS;2117;Compra p/ comercialização originada de encomenda p/ recebimento futuro
2000 - ENTRADAS OU AQUISIÇÕES DE SERVIÇOS DE OUTROS ESTADOS;2118;Compra de mercadoria p/ comercialização pelo adquirente originário, entregue pelo vendedor remetente ao destinatário, em venda à ordem
2000 - ENTRADAS OU AQUISIÇÕES DE SERVIÇOS DE OUTROS ESTADOS;2120;Compra p/ industrialização, em venda à ordem, já recebida do vendedor remetente
2000 - ENTRADAS OU AQUISIÇÕES DE SERVIÇOS DE OUTROS ESTADOS;2121;Compra p/ comercialização, em venda à ordem, já recebida do vendedor remetente
2000 - ENTRADAS OU AQUISIÇÕES DE SERVIÇOS DE OUTROS ESTADOS;2122;Compra p/ industrialização em que a mercadoria foi remetida pelo fornecedor ao industrializador sem transitar pelo estabelecimento adquirente
2000 - ENTRADAS OU AQUISIÇÕES DE SERVIÇOS DE OUTROS ESTADOS;2124;Industrialização efetuada por outra empresa
2000 - ENTRADAS OU AQUISIÇÕES DE SERVIÇOS DE OUTROS ESTADOS;2125;Industrialização efetuada por outra empresa quando a mercadoria remetida p/ utilização no processo de industrialização não transitou pelo estabelecimento adquirente da mercadoria
2000 - ENTRADAS OU AQUISIÇÕES DE SERVIÇOS DE OUTROS ESTADOS;2126;Compra p/ utilização na prestação de serviço sujeita ao ICMS
2000 - ENTRADAS OU AQUISIÇÕES DE SERVIÇOS DE OUTROS ESTADOS;2128;Compra p/ utilização na prestação de serviço sujeita ao ISSQN
2000 - ENTRADAS OU AQUISIÇÕES DE SERVIÇOS DE OUTROS ESTADOS;2131;Compra p/ utilização na prestação de serviço sujeita ao ISSQN
2000 - ENTRADAS OU AQUISIÇÕES DE SERVIÇOS DE OUTROS ESTADOS;2132;Compra p/ utilização na prestação de serviço sujeita ao ISSQN
2000 - ENTRADAS OU AQUISIÇÕES DE SERVIÇOS DE OUTROS ESTADOS;2135;Compra p/ utilização na prestação de serviço sujeita ao ISSQN
2000 - ENTRADAS OU AQUISIÇÕES DE SERVIÇOS DE OUTROS ESTADOS;2151;Transferência p/ industrialização ou produção rural
2000 - ENTRADAS OU AQUISIÇÕES DE SERVIÇOS DE OUTROS ESTADOS;2152;Transferência p/ comercialização
2000 - ENTRADAS OU AQUISIÇÕES DE SERVIÇOS DE OUTROS ESTADOS;2153;Transferência de energia elétrica p/ distribuição
2000 - ENTRADAS OU AQUISIÇÕES DE SERVIÇOS DE OUTROS ESTADOS;2154;Transferência p/ utilização na prestação de serviço
2000 - ENTRADAS OU AQUISIÇÕES DE SERVIÇOS DE OUTROS ESTADOS;2159;Transferência p/ utilização na prestação de serviço
2000 - ENTRADAS OU AQUISIÇÕES DE SERVIÇOS DE OUTROS ESTADOS;2201;Devolução de venda de produção do estabelecimento
2000 - ENTRADAS OU AQUISIÇÕES DE SERVIÇOS DE OUTROS ESTADOS;2202;Devolução de venda de mercadoria adquirida ou recebida de terceiros
2000 - ENTRADAS OU AQUISIÇÕES DE SERVIÇOS DE OUTROS ESTADOS;2203;Devolução de venda de produção do estabelecimento destinada à ZFM ou ALC
2000 - ENTRADAS OU AQUISIÇÕES DE SERVIÇOS DE OUTROS ESTADOS;2204;Devolução de venda de mercadoria adquirida ou recebida de terceiros, destinada à ZFM ou ALC
2000 - ENTRADAS OU AQUISIÇÕES DE SERVIÇOS DE OUTROS ESTADOS;2205;Anulação de valor relativo à prestação de serviço de comunicação
2000 - ENTRADAS OU AQUISIÇÕES DE SERVIÇOS DE OUTROS ESTADOS;2206;Anulação de valor relativo à prestação de serviço de transporte
2000 - ENTRADAS OU AQUISIÇÕES DE SERVIÇOS DE OUTROS ESTADOS;2207;Anulação de valor relativo à venda de energia elétrica
2000 - ENTRADAS OU AQUISIÇÕES DE SERVIÇOS DE OUTROS ESTADOS;2208;Devolução de produção do estabelecimento, remetida em transferência.
2000 - ENTRADAS OU AQUISIÇÕES DE SERVIÇOS DE OUTROS ESTADOS;2209;Devolução de mercadoria adquirida ou recebida de terceiros e remetida em transferência
2000 - ENTRADAS OU AQUISIÇÕES DE SERVIÇOS DE OUTROS ESTADOS;2212;Devolução de venda no mercado interno de mercadoria industrializada e insumo importado sob o Regime Aduaneiro Especial de Entreposto Industrial (Recof-Sped)
2000 - ENTRADAS OU AQUISIÇÕES DE SERVIÇOS DE OUTROS ESTADOS;2213;Devolução de venda no mercado interno de mercadoria industrializada e insumo importado sob o Regime Aduaneiro Especial de Entreposto Industrial (Recof-Sped)
2000 - ENTRADAS OU AQUISIÇÕES DE SERVIÇOS DE OUTROS ESTADOS;2214;Devolução de venda no mercado interno de mercadoria industrializada e insumo importado sob o Regime Aduaneiro Especial de Entreposto Industrial (Recof-Sped)
2000 - ENTRADAS OU AQUISIÇÕES DE SERVIÇOS DE OUTROS ESTADOS;2251;Compra de energia elétrica p/ distribuição ou comercialização
2000 - ENTRADAS OU AQUISIÇÕES DE SERVIÇOS DE OUTROS ESTADOS;2252;Compra de energia elétrica por estabelecimento industrial
2000 - ENTRADAS OU AQUISIÇÕES DE SERVIÇOS DE OUTROS ESTADOS;2253;Compra de energia elétrica por estabelecimento comercial
2000 - ENTRADAS OU AQUISIÇÕES DE SERVIÇOS DE OUTROS ESTADOS;2254;Compra de energia elétrica por estabelecimento prestador de serviço de transporte
2000 - ENTRADAS OU AQUISIÇÕES DE SERVIÇOS DE OUTROS ESTADOS;2255;Compra de energia elétrica por estabelecimento prestador de serviço de comunicação
2000 - ENTRADAS OU AQUISIÇÕES DE SERVIÇOS DE OUTROS ESTADOS;2256;Compra de energia elétrica por estabelecimento de produtor rural
2000 - ENTRADAS OU AQUISIÇÕES DE SERVIÇOS DE OUTROS ESTADOS;2257;Compra de energia elétrica p/ consumo por demanda contratada
2000 - ENTRADAS OU AQUISIÇÕES DE SERVIÇOS DE OUTROS ESTADOS;2301;Aquisição de serviço de comunicação p/ execução de serviço da mesma natureza
2000 - ENTRADAS OU AQUISIÇÕES DE SERVIÇOS DE OUTROS ESTADOS;2302;Aquisição de serviço de comunicação por estabelecimento industrial
2000 - ENTRADAS OU AQUISIÇÕES DE SERVIÇOS DE OUTROS ESTADOS;2303;Aquisição de serviço de comunicação por estabelecimento comercial
2000 - ENTRADAS OU AQUISIÇÕES DE SERVIÇOS DE OUTROS ESTADOS;2304;Aquisição de serviço de comunicação por estabelecimento de prestador de serviço de transporte
2000 - ENTRADAS OU AQUISIÇÕES DE SERVIÇOS DE OUTROS ESTADOS;2305;Aquisição de serviço de comunicação por estabelecimento de geradora ou de distribuidora de energia elétrica
2000 - ENTRADAS OU AQUISIÇÕES DE SERVIÇOS DE OUTROS ESTADOS;2306;Aquisição de serviço de comunicação por estabelecimento de produtor rural
2000 - ENTRADAS OU AQUISIÇÕES DE SERVIÇOS DE OUTROS ESTADOS;2351;Aquisição de serviço de transporte p/ execução de serviço da mesma natureza
2000 - ENTRADAS OU AQUISIÇÕES DE SERVIÇOS DE OUTROS ESTADOS;2352;Aquisição de serviço de transporte por estabelecimento industrial
2000 - ENTRADAS OU AQUISIÇÕES DE SERVIÇOS DE OUTROS ESTADOS;2353;Aquisição de serviço de transporte por estabelecimento comercial
2000 - ENTRADAS OU AQUISIÇÕES DE SERVIÇOS DE OUTROS ESTADOS;2354;Aquisição de serviço de transporte por estabelecimento de prestador de serviço de comunicação
2000 - ENTRADAS OU AQUISIÇÕES DE SERVIÇOS DE OUTROS ESTADOS;2355;Aquisição de serviço de transporte por estabelecimento de geradora ou de distribuidora de energia elétrica
2000 - ENTRADAS OU AQUISIÇÕES DE SERVIÇOS DE OUTROS ESTADOS;2356;Aquisição de serviço de transporte por estabelecimento de produtor rural
2000 - ENTRADAS OU AQUISIÇÕES DE SERVIÇOS DE OUTROS ESTADOS;2401;Compra p/ industrialização ou produção rural de mercadoria sujeita a ST
2000 - ENTRADAS OU AQUISIÇÕES DE SERVIÇOS DE OUTROS ESTADOS;2403;Compra p/ comercialização em operação com mercadoria sujeita a ST
2000 - ENTRADAS OU AQUISIÇÕES DE SERVIÇOS DE OUTROS ESTADOS;2406;Compra de bem p/ o ativo imobilizado cuja mercadoria está sujeita a ST
2000 - ENTRADAS OU AQUISIÇÕES DE SERVIÇOS DE OUTROS ESTADOS;2407;Compra de mercadoria p/ uso ou consumo cuja mercadoria está sujeita a ST
2000 - ENTRADAS OU AQUISIÇÕES DE SERVIÇOS DE OUTROS ESTADOS;2408;Transferência p/ industrialização ou produção rural de mercadoria sujeita a ST
2000 - ENTRADAS OU AQUISIÇÕES DE SERVIÇOS DE OUTROS ESTADOS;2409;Transferência p/ comercialização em operação com mercadoria sujeita a ST
2000 - ENTRADAS OU AQUISIÇÕES DE SERVIÇOS DE OUTROS ESTADOS;2410;Devolução de venda de produção do estabelecimento, quando o produto sujeito a ST
2000 - ENTRADAS OU AQUISIÇÕES DE SERVIÇOS DE OUTROS ESTADOS;2411;Devolução de venda de mercadoria adquirida ou recebida de terceiros em operação com mercadoria sujeita a ST
2000 - ENTRADAS OU AQUISIÇÕES DE SERVIÇOS DE OUTROS ESTADOS;2414;Retorno de produção do estabelecimento, remetida p/ venda fora do estabelecimento, quando o produto sujeito a ST
2000 - ENTRADAS OU AQUISIÇÕES DE SERVIÇOS DE OUTROS ESTADOS;2415;Retorno de mercadoria adquirida ou recebida de terceiros, remetida p/ venda fora do estabelecimento em operação com mercadoria sujeita a ST
2000 - ENTRADAS OU AQUISIÇÕES DE SERVIÇOS DE OUTROS ESTADOS;2501;Entrada de mercadoria recebida com fim específico de exportação
2000 - ENTRADAS OU AQUISIÇÕES DE SERVIÇOS DE OUTROS ESTADOS;2503;Entrada decorrente de devolução de produto industrializado pelo estabelecimento, remetido com fim específico de exportação
2000 - ENTRADAS OU AQUISIÇÕES DE SERVIÇOS DE OUTROS ESTADOS;2504;Entrada decorrente de devolução de mercadoria remetida com fim específico de exportação, adquirida ou recebida de terceiros
2000 - ENTRADAS OU AQUISIÇÕES DE SERVIÇOS DE OUTROS ESTADOS;2505;Entrada decorrente de devolução simbólica de mercadoria remetida p/ formação de lote de exportação, de produto industrializado ou produzido pelo próprio estabelecimento.
2000 - ENTRADAS OU AQUISIÇÕES DE SERVIÇOS DE OUTROS ESTADOS;2506;Entrada decorrente de devolução simbólica de mercadoria, adquirida ou recebida de terceiros, remetida p/ formação de lote de exportação.
2000 - ENTRADAS OU AQUISIÇÕES DE SERVIÇOS DE OUTROS ESTADOS;2551;Compra de bem p/ o ativo imobilizado
2000 - ENTRADAS OU AQUISIÇÕES DE SERVIÇOS DE OUTROS ESTADOS;2552;Transferência de bem do ativo imobilizado
2000 - ENTRADAS OU AQUISIÇÕES DE SERVIÇOS DE OUTROS ESTADOS;2553;Devolução de venda de bem do ativo imobilizado
2000 - ENTRADAS OU AQUISIÇÕES DE SERVIÇOS DE OUTROS ESTADOS;2554;Retorno de bem do ativo imobilizado remetido p/ uso fora do estabelecimento
2000 - ENTRADAS OU AQUISIÇÕES DE SERVIÇOS DE OUTROS ESTADOS;2555;Entrada de bem do ativo imobilizado de terceiro, remetido p/ uso no estabelecimento
2000 - ENTRADAS OU AQUISIÇÕES DE SERVIÇOS DE OUTROS ESTADOS;2556;Compra de material p/ uso ou consumo
2000 - ENTRADAS OU AQUISIÇÕES DE SERVIÇOS DE OUTROS ESTADOS;2557;Transferência de material p/ uso ou consumo
2000 - ENTRADAS OU AQUISIÇÕES DE SERVIÇOS DE OUTROS ESTADOS;2603;Ressarcimento de ICMS retido por substituição tributária
2000 - ENTRADAS OU AQUISIÇÕES DE SERVIÇOS DE OUTROS ESTADOS;2651;Compra de combustível ou lubrificante p/ industrialização subseqüente
2000 - ENTRADAS OU AQUISIÇÕES DE SERVIÇOS DE OUTROS ESTADOS;2652;Compra de combustível ou lubrificante p/ comercialização
2000 - ENTRADAS OU AQUISIÇÕES DE SERVIÇOS DE OUTROS ESTADOS;2652;Compra de combustível ou lubrificante p/ comercialização
2000 - ENTRADAS OU AQUISIÇÕES DE SERVIÇOS DE OUTROS ESTADOS;2653;Compra de combustível ou lubrificante por consumidor ou usuário final
2000 - ENTRADAS OU AQUISIÇÕES DE SERVIÇOS DE OUTROS ESTADOS;2658;Transferência de combustível ou lubrificante p/ industrialização
2000 - ENTRADAS OU AQUISIÇÕES DE SERVIÇOS DE OUTROS ESTADOS;2659;Transferência de combustível ou lubrificante p/ comercialização 
2000 - ENTRADAS OU AQUISIÇÕES DE SERVIÇOS DE OUTROS ESTADOS;2660;Devolução de venda de combustível ou lubrificante destinados à industrialização subseqüente
2000 - ENTRADAS OU AQUISIÇÕES DE SERVIÇOS DE OUTROS ESTADOS;2661;Devolução de venda de combustível ou lubrificante destinados à comercialização
2000 - ENTRADAS OU AQUISIÇÕES DE SERVIÇOS DE OUTROS ESTADOS;2662;Devolução de venda de combustível ou lubrificante destinados a consumidor ou usuário final
2000 - ENTRADAS OU AQUISIÇÕES DE SERVIÇOS DE OUTROS ESTADOS;2663;Entrada de combustível ou lubrificante p/ armazenagem
2000 - ENTRADAS OU AQUISIÇÕES DE SERVIÇOS DE OUTROS ESTADOS;2664;Retorno de combustível ou lubrificante remetidos p/ armazenagem
2000 - ENTRADAS OU AQUISIÇÕES DE SERVIÇOS DE OUTROS ESTADOS;2901;Entrada p/ industrialização por encomenda
2000 - ENTRADAS OU AQUISIÇÕES DE SERVIÇOS DE OUTROS ESTADOS;2902;Retorno de mercadoria remetida p/ industrialização por encomenda
2000 - ENTRADAS OU AQUISIÇÕES DE SERVIÇOS DE OUTROS ESTADOS;2903;Entrada de mercadoria remetida p/ industrialização e não aplicada no referido processo
2000 - ENTRADAS OU AQUISIÇÕES DE SERVIÇOS DE OUTROS ESTADOS;2904;Retorno de remessa p/ venda fora do estabelecimento
2000 - ENTRADAS OU AQUISIÇÕES DE SERVIÇOS DE OUTROS ESTADOS;2905;Entrada de mercadoria recebida p/ depósito em depósito fechado ou armazém geral
2000 - ENTRADAS OU AQUISIÇÕES DE SERVIÇOS DE OUTROS ESTADOS;2906;Retorno de mercadoria remetida p/ depósito fechado ou armazém geral
2000 - ENTRADAS OU AQUISIÇÕES DE SERVIÇOS DE OUTROS ESTADOS;2907;Retorno simbólico de mercadoria remetida p/ depósito fechado ou armazém geral
2000 - ENTRADAS OU AQUISIÇÕES DE SERVIÇOS DE OUTROS ESTADOS;2908;Entrada de bem por conta de contrato de comodato
2000 - ENTRADAS OU AQUISIÇÕES DE SERVIÇOS DE OUTROS ESTADOS;2909;Retorno de bem remetido por conta de contrato de comodato
2000 - ENTRADAS OU AQUISIÇÕES DE SERVIÇOS DE OUTROS ESTADOS;2910;Entrada de bonificação, doação ou brinde
2000 - ENTRADAS OU AQUISIÇÕES DE SERVIÇOS DE OUTROS ESTADOS;2911;Entrada de amostra grátis
2000 - ENTRADAS OU AQUISIÇÕES DE SERVIÇOS DE OUTROS ESTADOS;2912;Entrada de mercadoria ou bem recebido p/ demonstração
2000 - ENTRADAS OU AQUISIÇÕES DE SERVIÇOS DE OUTROS ESTADOS;2913;Retorno de mercadoria ou bem remetido p/ demonstração
2000 - ENTRADAS OU AQUISIÇÕES DE SERVIÇOS DE OUTROS ESTADOS;2914;Retorno de mercadoria ou bem remetido p/ exposição ou feira
2000 - ENTRADAS OU AQUISIÇÕES DE SERVIÇOS DE OUTROS ESTADOS;2915;Entrada de mercadoria ou bem recebido p/ conserto ou reparo
2000 - ENTRADAS OU AQUISIÇÕES DE SERVIÇOS DE OUTROS ESTADOS;2916;Retorno de mercadoria ou bem remetido p/ conserto ou reparo
2000 - ENTRADAS OU AQUISIÇÕES DE SERVIÇOS DE OUTROS ESTADOS;2917;Entrada de mercadoria recebida em consignação mercantil ou industrial
2000 - ENTRADAS OU AQUISIÇÕES DE SERVIÇOS DE OUTROS ESTADOS;2918;Devolução de mercadoria remetida em consignação mercantil ou industrial
2000 - ENTRADAS OU AQUISIÇÕES DE SERVIÇOS DE OUTROS ESTADOS;2919;Devolução simbólica de mercadoria vendida ou utilizada em processo industrial, remetida anteriormente em consignação mercantil ou industrial
2000 - ENTRADAS OU AQUISIÇÕES DE SERVIÇOS DE OUTROS ESTADOS;2920;Entrada de vasilhame ou sacaria
2000 - ENTRADAS OU AQUISIÇÕES DE SERVIÇOS DE OUTROS ESTADOS;2921;Retorno de vasilhame ou sacaria
2000 - ENTRADAS OU AQUISIÇÕES DE SERVIÇOS DE OUTROS ESTADOS;2922;Lançamento efetuado a título de simples faturamento decorrente de compra p/ recebimento futuro
2000 - ENTRADAS OU AQUISIÇÕES DE SERVIÇOS DE OUTROS ESTADOS;2923;Entrada de mercadoria recebida do vendedor remetente, em venda à ordem
2000 - ENTRADAS OU AQUISIÇÕES DE SERVIÇOS DE OUTROS ESTADOS;2924;Entrada p/ industrialização por conta e ordem do adquirente da mercadoria, quando esta não transitar pelo estabelecimento do adquirente
2000 - ENTRADAS OU AQUISIÇÕES DE SERVIÇOS DE OUTROS ESTADOS;2925;Retorno de mercadoria remetida p/ industrialização por conta e ordem do adquirente da mercadoria, quando esta não transitar pelo estabelecimento do adquirente
2000 - ENTRADAS OU AQUISIÇÕES DE SERVIÇOS DE OUTROS ESTADOS;2931;Lançamento efetuado pelo tomador do serviço de transporte, quando a responsabilidade de retenção do imposto for atribuída ao remetente ou alienante da mercadoria, pelo serviço de transporte realizado por transportador autônomo ou por transportador não-inscrito na UF onde se tenha iniciado o serviço  
2000 - ENTRADAS OU AQUISIÇÕES DE SERVIÇOS DE OUTROS ESTADOS;2932;Aquisição de serviço de transporte iniciado em UF diversa daquela onde esteja inscrito o prestador 
2000 - ENTRADAS OU AQUISIÇÕES DE SERVIÇOS DE OUTROS ESTADOS;2933;Aquisição de serviço tributado pelo Imposto Sobre Serviços de Qualquer Natureza
2000 - ENTRADAS OU AQUISIÇÕES DE SERVIÇOS DE OUTROS ESTADOS;2934;Entrada simbólica de mercadoria recebida p/ depósito fechado ou armazém geral
2000 - ENTRADAS OU AQUISIÇÕES DE SERVIÇOS DE OUTROS ESTADOS;2949;Outra entrada de mercadoria ou prestação de serviço não especificado
3000 - ENTRADAS OU AQUISIÇÕES DE SERVIÇOS DO EXTERIOR;3101;Compra p/ industrialização ou produção rural
3000 - ENTRADAS OU AQUISIÇÕES DE SERVIÇOS DO EXTERIOR;3102;Compra p/ comercialização
3000 - ENTRADAS OU AQUISIÇÕES DE SERVIÇOS DO EXTERIOR;3126;Compra p/ utilização na prestação de serviço sujeita ao ICMS
3000 - ENTRADAS OU AQUISIÇÕES DE SERVIÇOS DO EXTERIOR;3127;Compra p/ industrialização sob o regime de drawback 
3000 - ENTRADAS OU AQUISIÇÕES DE SERVIÇOS DO EXTERIOR;3128;Compra p/ utilização na prestação de serviço sujeita ao ISSQN
3000 - ENTRADAS OU AQUISIÇÕES DE SERVIÇOS DO EXTERIOR;3129;Compra para industrialização sob o Regime Aduaneiro Especial de Entreposto Industrial (Recof-Sped)
3000 - ENTRADAS OU AQUISIÇÕES DE SERVIÇOS DO EXTERIOR;3201;Devolução de venda de produção do estabelecimento
3000 - ENTRADAS OU AQUISIÇÕES DE SERVIÇOS DO EXTERIOR;3202;Devolução de venda de mercadoria adquirida ou recebida de terceiros
3000 - ENTRADAS OU AQUISIÇÕES DE SERVIÇOS DO EXTERIOR;3205;Anulação de valor relativo à prestação de serviço de comunicação
3000 - ENTRADAS OU AQUISIÇÕES DE SERVIÇOS DO EXTERIOR;3206;Anulação de valor relativo à prestação de serviço de transporte
3000 - ENTRADAS OU AQUISIÇÕES DE SERVIÇOS DO EXTERIOR;3207;Anulação de valor relativo à venda de energia elétrica
3000 - ENTRADAS OU AQUISIÇÕES DE SERVIÇOS DO EXTERIOR;3211;Devolução de venda de produção do estabelecimento sob o regime de drawback 
3000 - ENTRADAS OU AQUISIÇÕES DE SERVIÇOS DO EXTERIOR;3212;Devolução de venda no mercado externo de mercadoria industrializada sob o Regime Aduaneiro Especial de Entreposto Industrial (Recof-Sped)
3000 - ENTRADAS OU AQUISIÇÕES DE SERVIÇOS DO EXTERIOR;3251;Compra de energia elétrica p/ distribuição ou comercialização
3000 - ENTRADAS OU AQUISIÇÕES DE SERVIÇOS DO EXTERIOR;3301;Aquisição de serviço de comunicação p/ execução de serviço da mesma natureza
3000 - ENTRADAS OU AQUISIÇÕES DE SERVIÇOS DO EXTERIOR;3351;Aquisição de serviço de transporte p/ execução de serviço da mesma natureza
3000 - ENTRADAS OU AQUISIÇÕES DE SERVIÇOS DO EXTERIOR;3352;Aquisição de serviço de transporte por estabelecimento industrial
3000 - ENTRADAS OU AQUISIÇÕES DE SERVIÇOS DO EXTERIOR;3353;Aquisição de serviço de transporte por estabelecimento comercial
3000 - ENTRADAS OU AQUISIÇÕES DE SERVIÇOS DO EXTERIOR;3354;Aquisição de serviço de transporte por estabelecimento de prestador de serviço de comunicação
3000 - ENTRADAS OU AQUISIÇÕES DE SERVIÇOS DO EXTERIOR;3355;Aquisição de serviço de transporte por estabelecimento de geradora ou de distribuidora de energia elétrica
3000 - ENTRADAS OU AQUISIÇÕES DE SERVIÇOS DO EXTERIOR;3356;Aquisição de serviço de transporte por estabelecimento de produtor rural
3000 - ENTRADAS OU AQUISIÇÕES DE SERVIÇOS DO EXTERIOR;3503;Devolução de mercadoria exportada que tenha sido recebida com fim específico de exportação
3000 - ENTRADAS OU AQUISIÇÕES DE SERVIÇOS DO EXTERIOR;3551;Compra de bem p/ o ativo imobilizado
3000 - ENTRADAS OU AQUISIÇÕES DE SERVIÇOS DO EXTERIOR;3552;"Entrada de produtos destinados ao uso ou consumo de bordo, em embarcações ou
aeronaves exclusivamente em tráfego internacional com destino ao exterior.
Classificam-se neste código as entradas de produtos destinados ao uso ou consumo de bordo, em embarcações ou aeronaves exclusivamente em tráfego internacional com destino ao exterior, cuja operação tenha sido equiparada a uma exportação classificada no código “7.552 - Saída de produtos destinados ao uso ou consumo de bordo, em embarcações ou aeronaves exclusivamente em tráfego internacional com destino ao exterior."
3000 - ENTRADAS OU AQUISIÇÕES DE SERVIÇOS DO EXTERIOR;3553;Devolução de venda de bem do ativo imobilizado
3000 - ENTRADAS OU AQUISIÇÕES DE SERVIÇOS DO EXTERIOR;3556;Compra de material p/ uso ou consumo
3000 - ENTRADAS OU AQUISIÇÕES DE SERVIÇOS DO EXTERIOR;3651;Compra de combustível ou lubrificante p/ industrialização subseqüente
3000 - ENTRADAS OU AQUISIÇÕES DE SERVIÇOS DO EXTERIOR;3652;Compra de combustível ou lubrificante p/ comercialização
3000 - ENTRADAS OU AQUISIÇÕES DE SERVIÇOS DO EXTERIOR;3653;Compra de combustível ou lubrificante por consumidor ou usuário final
3000 - ENTRADAS OU AQUISIÇÕES DE SERVIÇOS DO EXTERIOR;3667;"Entrada de combustível ou lubrificante para consumo final, em embarcações ou aeronaves exclusivamente em tráfego internacional com destino ao exterior.
Classificam-se neste código as entradas combustível ou lubrificante para consumo final, em embarcações ou aeronaves exclusivamente em tráfego internacional com destino ao exterior, cuja operação tenha sido equiparada a uma exportação classificada no código “7.667 - Venda de combustível ou lubrificante a consumidor ou usuário final."
3000 - ENTRADAS OU AQUISIÇÕES DE SERVIÇOS DO EXTERIOR;3930;Lançamento efetuado a título de entrada de bem sob amparo de regime especial aduaneiro de admissão temporária
3000 - ENTRADAS OU AQUISIÇÕES DE SERVIÇOS DO EXTERIOR;3949;Outra entrada de mercadoria ou prestação de serviço não especificado
5000 - SAÍDAS OU PRESTAÇÕES DE SERVIÇOS PARA O ESTADO;5101;Venda de produção do estabelecimento
5000 - SAÍDAS OU PRESTAÇÕES DE SERVIÇOS PARA O ESTADO;5102;Venda de mercadoria adquirida ou recebida de terceiros
5000 - SAÍDAS OU PRESTAÇÕES DE SERVIÇOS PARA O ESTADO;5103;Venda de produção do estabelecimento efetuada fora do estabelecimento
5000 - SAÍDAS OU PRESTAÇÕES DE SERVIÇOS PARA O ESTADO;5104;Venda de mercadoria adquirida ou recebida de terceiros, efetuada fora do estabelecimento
5000 - SAÍDAS OU PRESTAÇÕES DE SERVIÇOS PARA O ESTADO;5105;Venda de produção do estabelecimento que não deva por ele transitar
5000 - SAÍDAS OU PRESTAÇÕES DE SERVIÇOS PARA O ESTADO;5106;Venda de mercadoria adquirida ou recebida de terceiros, que não deva por ele transitar 
5000 - SAÍDAS OU PRESTAÇÕES DE SERVIÇOS PARA O ESTADO;5109;Venda de produção do estabelecimento destinada à ZFM ou ALC
5000 - SAÍDAS OU PRESTAÇÕES DE SERVIÇOS PARA O ESTADO;5110;Venda de mercadoria, adquirida ou recebida de terceiros, destinada à ZFM ou ALC
5000 - SAÍDAS OU PRESTAÇÕES DE SERVIÇOS PARA O ESTADO;5111;Venda de produção do estabelecimento remetida anteriormente em consignação industrial
5000 - SAÍDAS OU PRESTAÇÕES DE SERVIÇOS PARA O ESTADO;5112;Venda de mercadoria adquirida ou recebida de terceiros remetida anteriormente em consignação industrial
5000 - SAÍDAS OU PRESTAÇÕES DE SERVIÇOS PARA O ESTADO;5113;Venda de produção do estabelecimento remetida anteriormente em consignação mercantil
5000 - SAÍDAS OU PRESTAÇÕES DE SERVIÇOS PARA O ESTADO;5114;Venda de mercadoria adquirida ou recebida de terceiros remetida anteriormente em consignação mercantil
5000 - SAÍDAS OU PRESTAÇÕES DE SERVIÇOS PARA O ESTADO;5115;Venda de mercadoria adquirida ou recebida de terceiros, recebida anteriormente em consignação mercantil
5000 - SAÍDAS OU PRESTAÇÕES DE SERVIÇOS PARA O ESTADO;5116;Venda de produção do estabelecimento originada de encomenda p/ entrega futura
5000 - SAÍDAS OU PRESTAÇÕES DE SERVIÇOS PARA O ESTADO;5117;Venda de mercadoria adquirida ou recebida de terceiros, originada de encomenda p/ entrega futura
5000 - SAÍDAS OU PRESTAÇÕES DE SERVIÇOS PARA O ESTADO;5118;Venda de produção do estabelecimento entregue ao destinatário por conta e ordem do adquirente originário, em venda à ordem
5000 - SAÍDAS OU PRESTAÇÕES DE SERVIÇOS PARA O ESTADO;5119;Venda de mercadoria adquirida ou recebida de terceiros entregue ao destinatário por conta e ordem do adquirente originário, em venda à ordem
5000 - SAÍDAS OU PRESTAÇÕES DE SERVIÇOS PARA O ESTADO;5120;Venda de mercadoria adquirida ou recebida de terceiros entregue ao destinatário pelo vendedor remetente, em venda à ordem
5000 - SAÍDAS OU PRESTAÇÕES DE SERVIÇOS PARA O ESTADO;5122;Venda de produção do estabelecimento remetida p/ industrialização, por conta e ordem do adquirente, sem transitar pelo estabelecimento do adquirente
5000 - SAÍDAS OU PRESTAÇÕES DE SERVIÇOS PARA O ESTADO;5123;Venda de mercadoria adquirida ou recebida de terceiros remetida p/ industrialização, por conta e ordem do adquirente, sem transitar pelo estabelecimento do adquirente
5000 - SAÍDAS OU PRESTAÇÕES DE SERVIÇOS PARA O ESTADO;5124;Industrialização efetuada p/ outra empresa
5000 - SAÍDAS OU PRESTAÇÕES DE SERVIÇOS PARA O ESTADO;5125;Industrialização efetuada p/ outra empresa quando a mercadoria recebida p/ utilização no processo de industrialização não transitar pelo estabelecimento adquirente da mercadoria
5000 - SAÍDAS OU PRESTAÇÕES DE SERVIÇOS PARA O ESTADO;5129;Venda de insumo importado e de mercadoria industrializada sob o amparo do Regime Aduaneiro Especial de Entreposto Industrial (Recof-Sped)
5000 - SAÍDAS OU PRESTAÇÕES DE SERVIÇOS PARA O ESTADO;5131;Venda de insumo importado e de mercadoria industrializada sob o amparo do Regime Aduaneiro Especial de Entreposto Industrial (Recof-Sped)
5000 - SAÍDAS OU PRESTAÇÕES DE SERVIÇOS PARA O ESTADO;5132;Venda de insumo importado e de mercadoria industrializada sob o amparo do Regime Aduaneiro Especial de Entreposto Industrial (Recof-Sped)
5000 - SAÍDAS OU PRESTAÇÕES DE SERVIÇOS PARA O ESTADO;5151;
5000 - SAÍDAS OU PRESTAÇÕES DE SERVIÇOS PARA O ESTADO;5152;Transferência de mercadoria adquirida ou recebida de terceiros
5000 - SAÍDAS OU PRESTAÇÕES DE SERVIÇOS PARA O ESTADO;5153;Transferência de energia elétrica
5000 - SAÍDAS OU PRESTAÇÕES DE SERVIÇOS PARA O ESTADO;5155;Transferência de produção do estabelecimento, que não deva por ele transitar
5000 - SAÍDAS OU PRESTAÇÕES DE SERVIÇOS PARA O ESTADO;5156;Transferência de mercadoria adquirida ou recebida de terceiros, que não deva por ele transitar
5000 - SAÍDAS OU PRESTAÇÕES DE SERVIÇOS PARA O ESTADO;5159;Transferência de mercadoria adquirida ou recebida de terceiros, que não deva por ele transitar
5000 - SAÍDAS OU PRESTAÇÕES DE SERVIÇOS PARA O ESTADO;5160;Transferência de mercadoria adquirida ou recebida de terceiros, que não deva por ele transitar
5000 - SAÍDAS OU PRESTAÇÕES DE SERVIÇOS PARA O ESTADO;5201;Devolução de compra p/ industrialização ou produção rural
5000 - SAÍDAS OU PRESTAÇÕES DE SERVIÇOS PARA O ESTADO;5202;Devolução de compra p/ comercialização
5000 - SAÍDAS OU PRESTAÇÕES DE SERVIÇOS PARA O ESTADO;5205;Anulação de valor relativo a aquisição de serviço de comunicação
5000 - SAÍDAS OU PRESTAÇÕES DE SERVIÇOS PARA O ESTADO;5206;Anulação de valor relativo a aquisição de serviço de transporte
5000 - SAÍDAS OU PRESTAÇÕES DE SERVIÇOS PARA O ESTADO;5207;Anulação de valor relativo à compra de energia elétrica
5000 - SAÍDAS OU PRESTAÇÕES DE SERVIÇOS PARA O ESTADO;5208;Devolução de mercadoria recebida em transferência p/ industrialização ou produção rural 
5000 - SAÍDAS OU PRESTAÇÕES DE SERVIÇOS PARA O ESTADO;5209;Devolução de mercadoria recebida em transferência p/ comercialização
5000 - SAÍDAS OU PRESTAÇÕES DE SERVIÇOS PARA O ESTADO;5210;Devolução de compra p/ utilização na prestação de serviço
5000 - SAÍDAS OU PRESTAÇÕES DE SERVIÇOS PARA O ESTADO;5213;Devolução de compra p/ utilização na prestação de serviço
5000 - SAÍDAS OU PRESTAÇÕES DE SERVIÇOS PARA O ESTADO;5214;Devolução de compra p/ utilização na prestação de serviço
5000 - SAÍDAS OU PRESTAÇÕES DE SERVIÇOS PARA O ESTADO;5215;Devolução de compra p/ utilização na prestação de serviço
5000 - SAÍDAS OU PRESTAÇÕES DE SERVIÇOS PARA O ESTADO;5251;Venda de energia elétrica p/ distribuição ou comercialização
5000 - SAÍDAS OU PRESTAÇÕES DE SERVIÇOS PARA O ESTADO;5252;Venda de energia elétrica p/ estabelecimento industrial
5000 - SAÍDAS OU PRESTAÇÕES DE SERVIÇOS PARA O ESTADO;5253;Venda de energia elétrica p/ estabelecimento comercial
5000 - SAÍDAS OU PRESTAÇÕES DE SERVIÇOS PARA O ESTADO;5254;Venda de energia elétrica p/ estabelecimento prestador de serviço de transporte
5000 - SAÍDAS OU PRESTAÇÕES DE SERVIÇOS PARA O ESTADO;5255;Venda de energia elétrica p/ estabelecimento prestador de serviço de comunicação
5000 - SAÍDAS OU PRESTAÇÕES DE SERVIÇOS PARA O ESTADO;5256;Venda de energia elétrica p/ estabelecimento de produtor rural
5000 - SAÍDAS OU PRESTAÇÕES DE SERVIÇOS PARA O ESTADO;5257;Venda de energia elétrica p/ consumo por demanda contratada
5000 - SAÍDAS OU PRESTAÇÕES DE SERVIÇOS PARA O ESTADO;5258;Venda de energia elétrica a não contribuinte
5000 - SAÍDAS OU PRESTAÇÕES DE SERVIÇOS PARA O ESTADO;5301;Prestação de serviço de comunicação p/ execução de serviço da mesma natureza
5000 - SAÍDAS OU PRESTAÇÕES DE SERVIÇOS PARA O ESTADO;5302;Prestação de serviço de comunicação a estabelecimento industrial
5000 - SAÍDAS OU PRESTAÇÕES DE SERVIÇOS PARA O ESTADO;5303;Prestação de serviço de comunicação a estabelecimento comercial
5000 - SAÍDAS OU PRESTAÇÕES DE SERVIÇOS PARA O ESTADO;5304;Prestação de serviço de comunicação a estabelecimento de prestador de serviço de transporte
5000 - SAÍDAS OU PRESTAÇÕES DE SERVIÇOS PARA O ESTADO;5305;Prestação de serviço de comunicação a estabelecimento de geradora ou de distribuidora de energia elétrica
5000 - SAÍDAS OU PRESTAÇÕES DE SERVIÇOS PARA O ESTADO;5306;Prestação de serviço de comunicação a estabelecimento de produtor rural
5000 - SAÍDAS OU PRESTAÇÕES DE SERVIÇOS PARA O ESTADO;5307;Prestação de serviço de comunicação a não contribuinte
5000 - SAÍDAS OU PRESTAÇÕES DE SERVIÇOS PARA O ESTADO;5351;Prestação de serviço de transporte p/ execução de serviço da mesma natureza
5000 - SAÍDAS OU PRESTAÇÕES DE SERVIÇOS PARA O ESTADO;5352;Prestação de serviço de transporte a estabelecimento industrial
5000 - SAÍDAS OU PRESTAÇÕES DE SERVIÇOS PARA O ESTADO;5353;Prestação de serviço de transporte a estabelecimento comercial
5000 - SAÍDAS OU PRESTAÇÕES DE SERVIÇOS PARA O ESTADO;5354;Prestação de serviço de transporte a estabelecimento de prestador de serviço de comunicação
5000 - SAÍDAS OU PRESTAÇÕES DE SERVIÇOS PARA O ESTADO;5355;Prestação de serviço de transporte a estabelecimento de geradora ou de distribuidora de energia elétrica
5000 - SAÍDAS OU PRESTAÇÕES DE SERVIÇOS PARA O ESTADO;5356;Prestação de serviço de transporte a estabelecimento de produtor rural
5000 - SAÍDAS OU PRESTAÇÕES DE SERVIÇOS PARA O ESTADO;5357;Prestação de serviço de transporte a não contribuinte
5000 - SAÍDAS OU PRESTAÇÕES DE SERVIÇOS PARA O ESTADO;5359;Prestação de serviço de transporte a contribuinte ou a não-contribuinte, quando a mercadoria transportada esteja dispensada de emissão de Nota Fiscal  
5000 - SAÍDAS OU PRESTAÇÕES DE SERVIÇOS PARA O ESTADO;5360;Prestação de serviço de transporte a contribuinte-substituto em relação ao serviço de transporte
5000 - SAÍDAS OU PRESTAÇÕES DE SERVIÇOS PARA O ESTADO;5401;Venda de produção do estabelecimento quando o produto esteja sujeito a ST
5000 - SAÍDAS OU PRESTAÇÕES DE SERVIÇOS PARA O ESTADO;5402;Venda de produção do estabelecimento de produto sujeito a ST, em operação entre contribuintes substitutos do mesmo produto
5000 - SAÍDAS OU PRESTAÇÕES DE SERVIÇOS PARA O ESTADO;5403;Venda de mercadoria, adquirida ou recebida de terceiros, sujeita a ST, na condição de contribuinte-substituto
5000 - SAÍDAS OU PRESTAÇÕES DE SERVIÇOS PARA O ESTADO;5405;Venda de mercadoria, adquirida ou recebida de terceiros, sujeita a ST, na condição de contribuinte-substituído
5000 - SAÍDAS OU PRESTAÇÕES DE SERVIÇOS PARA O ESTADO;5408;Transferência de produção do estabelecimento quando o produto sujeito a ST
5000 - SAÍDAS OU PRESTAÇÕES DE SERVIÇOS PARA O ESTADO;5409;Transferência de mercadoria adquirida ou recebida de terceiros em operação com mercadoria sujeita a ST
5000 - SAÍDAS OU PRESTAÇÕES DE SERVIÇOS PARA O ESTADO;5410;Devolução de compra p/ industrialização de mercadoria sujeita a ST
5000 - SAÍDAS OU PRESTAÇÕES DE SERVIÇOS PARA O ESTADO;5411;Devolução de compra p/ comercialização em operação com mercadoria sujeita a ST
5000 - SAÍDAS OU PRESTAÇÕES DE SERVIÇOS PARA O ESTADO;5412;Devolução de bem do ativo imobilizado, em operação com mercadoria sujeita a ST
5000 - SAÍDAS OU PRESTAÇÕES DE SERVIÇOS PARA O ESTADO;5413;Devolução de mercadoria destinada ao uso ou consumo, em operação com mercadoria sujeita a ST.
5000 - SAÍDAS OU PRESTAÇÕES DE SERVIÇOS PARA O ESTADO;5414;Remessa de produção do estabelecimento p/ venda fora do estabelecimento, quando o produto sujeito a ST
5000 - SAÍDAS OU PRESTAÇÕES DE SERVIÇOS PARA O ESTADO;5415;Remessa de mercadoria adquirida ou recebida de terceiros p/ venda fora do estabelecimento, em operação com mercadoria sujeita a ST
5000 - SAÍDAS OU PRESTAÇÕES DE SERVIÇOS PARA O ESTADO;5451;Remessa de animal e de insumo p/ estabelecimento produtor
5000 - SAÍDAS OU PRESTAÇÕES DE SERVIÇOS PARA O ESTADO;5501;Remessa de produção do estabelecimento, com fim específico de exportação
5000 - SAÍDAS OU PRESTAÇÕES DE SERVIÇOS PARA O ESTADO;5502;Remessa de mercadoria adquirida ou recebida de terceiros, com fim específico de exportação
5000 - SAÍDAS OU PRESTAÇÕES DE SERVIÇOS PARA O ESTADO;5503;Devolução de mercadoria recebida com fim específico de exportação
5000 - SAÍDAS OU PRESTAÇÕES DE SERVIÇOS PARA O ESTADO;5504;Remessa de mercadoria p/ formação de lote de exportação, de produto industrializado ou produzido pelo próprio estabelecimento.
5000 - SAÍDAS OU PRESTAÇÕES DE SERVIÇOS PARA O ESTADO;5505;Remessa de mercadoria, adquirida ou recebida de terceiros, p/ formação de lote de exportação.
5000 - SAÍDAS OU PRESTAÇÕES DE SERVIÇOS PARA O ESTADO;5551;Venda de bem do ativo imobilizado
5000 - SAÍDAS OU PRESTAÇÕES DE SERVIÇOS PARA O ESTADO;5552;Transferência de bem do ativo imobilizado
5000 - SAÍDAS OU PRESTAÇÕES DE SERVIÇOS PARA O ESTADO;5553;Devolução de compra de bem p/ o ativo imobilizado
5000 - SAÍDAS OU PRESTAÇÕES DE SERVIÇOS PARA O ESTADO;5554;Remessa de bem do ativo imobilizado p/ uso fora do estabelecimento
5000 - SAÍDAS OU PRESTAÇÕES DE SERVIÇOS PARA O ESTADO;5555;Devolução de bem do ativo imobilizado de terceiro, recebido p/ uso no estabelecimento
5000 - SAÍDAS OU PRESTAÇÕES DE SERVIÇOS PARA O ESTADO;5556;Devolução de compra de material de uso ou consumo
5000 - SAÍDAS OU PRESTAÇÕES DE SERVIÇOS PARA O ESTADO;5557;Transferência de material de uso ou consumo
5000 - SAÍDAS OU PRESTAÇÕES DE SERVIÇOS PARA O ESTADO;5601;Transferência de crédito de ICMS acumulado
5000 - SAÍDAS OU PRESTAÇÕES DE SERVIÇOS PARA O ESTADO;5602;Transferência de saldo credor do ICMS, p/ outro estabelecimento da mesma empresa, destinado à compensação de saldo devedor do ICMS
5000 - SAÍDAS OU PRESTAÇÕES DE SERVIÇOS PARA O ESTADO;5603;Ressarcimento de ICMS retido por substituição tributária
5000 - SAÍDAS OU PRESTAÇÕES DE SERVIÇOS PARA O ESTADO;5605;Transferência de saldo devedor do ICMS de outro estabelecimento da mesma empresa  
5000 - SAÍDAS OU PRESTAÇÕES DE SERVIÇOS PARA O ESTADO;5606;Utilização de saldo credor do ICMS p/ extinção por compensação de débitos fiscais
5000 - SAÍDAS OU PRESTAÇÕES DE SERVIÇOS PARA O ESTADO;5651;Venda de combustível ou lubrificante de produção do estabelecimento destinados à industrialização subseqüente
5000 - SAÍDAS OU PRESTAÇÕES DE SERVIÇOS PARA O ESTADO;5652;Venda de combustível ou lubrificante, de produção do estabelecimento, destinados à comercialização
5000 - SAÍDAS OU PRESTAÇÕES DE SERVIÇOS PARA O ESTADO;5653;Venda de combustível ou lubrificante, de produção do estabelecimento, destinados a consumidor ou usuário final
5000 - SAÍDAS OU PRESTAÇÕES DE SERVIÇOS PARA O ESTADO;5654;Venda de combustível ou lubrificante, adquiridos ou recebidos de terceiros, destinados à industrialização subseqüente
5000 - SAÍDAS OU PRESTAÇÕES DE SERVIÇOS PARA O ESTADO;5655;Venda de combustível ou lubrificante, adquiridos ou recebidos de terceiros, destinados à comercialização
5000 - SAÍDAS OU PRESTAÇÕES DE SERVIÇOS PARA O ESTADO;5656;Venda de combustível ou lubrificante, adquiridos ou recebidos de terceiros, destinados a consumidor ou usuário final
5000 - SAÍDAS OU PRESTAÇÕES DE SERVIÇOS PARA O ESTADO;5657;Remessa de combustível ou lubrificante, adquiridos ou recebidos de terceiros, p/ venda fora do estabelecimento
5000 - SAÍDAS OU PRESTAÇÕES DE SERVIÇOS PARA O ESTADO;5658;Transferência de combustível ou lubrificante de produção do estabelecimento
5000 - SAÍDAS OU PRESTAÇÕES DE SERVIÇOS PARA O ESTADO;5659;Transferência de combustível ou lubrificante adquiridos ou recebidos de terceiros
5000 - SAÍDAS OU PRESTAÇÕES DE SERVIÇOS PARA O ESTADO;5660;Devolução de compra de combustível ou lubrificante adquiridos p/ industrialização subseqüente
5000 - SAÍDAS OU PRESTAÇÕES DE SERVIÇOS PARA O ESTADO;5661;Devolução de compra de combustível ou lubrificante adquiridos p/ comercialização
5000 - SAÍDAS OU PRESTAÇÕES DE SERVIÇOS PARA O ESTADO;5662;Devolução de compra de combustível ou lubrificante adquiridos por consumidor ou usuário final
5000 - SAÍDAS OU PRESTAÇÕES DE SERVIÇOS PARA O ESTADO;5663;Remessa p/ armazenagem de combustível ou lubrificante
5000 - SAÍDAS OU PRESTAÇÕES DE SERVIÇOS PARA O ESTADO;5664;Retorno de combustível ou lubrificante recebidos p/ armazenagem
5000 - SAÍDAS OU PRESTAÇÕES DE SERVIÇOS PARA O ESTADO;5665;Retorno simbólico de combustível ou lubrificante recebidos p/ armazenagem
5000 - SAÍDAS OU PRESTAÇÕES DE SERVIÇOS PARA O ESTADO;5666;Remessa, por conta e ordem de terceiros, de combustível ou lubrificante recebidos p/ armazenagem
5000 - SAÍDAS OU PRESTAÇÕES DE SERVIÇOS PARA O ESTADO;5667;Venda de combustível ou lubrificante a consumidor ou usuário final estabelecido em outra UF
5000 - SAÍDAS OU PRESTAÇÕES DE SERVIÇOS PARA O ESTADO;5901;Remessa p/ industrialização por encomenda
5000 - SAÍDAS OU PRESTAÇÕES DE SERVIÇOS PARA O ESTADO;5902;Retorno de mercadoria utilizada na industrialização por encomenda
5000 - SAÍDAS OU PRESTAÇÕES DE SERVIÇOS PARA O ESTADO;5903;Retorno de mercadoria recebida p/ industrialização e não aplicada no referido processo
5000 - SAÍDAS OU PRESTAÇÕES DE SERVIÇOS PARA O ESTADO;5904;Remessa p/ venda fora do estabelecimento
5000 - SAÍDAS OU PRESTAÇÕES DE SERVIÇOS PARA O ESTADO;5905;Remessa p/ depósito fechado ou armazém geral
5000 - SAÍDAS OU PRESTAÇÕES DE SERVIÇOS PARA O ESTADO;5906;Retorno de mercadoria depositada em depósito fechado ou armazém geral
5000 - SAÍDAS OU PRESTAÇÕES DE SERVIÇOS PARA O ESTADO;5907;Retorno simbólico de mercadoria depositada em depósito fechado ou armazém geral
5000 - SAÍDAS OU PRESTAÇÕES DE SERVIÇOS PARA O ESTADO;5908;Remessa de bem por conta de contrato de comodato
5000 - SAÍDAS OU PRESTAÇÕES DE SERVIÇOS PARA O ESTADO;5909;Retorno de bem recebido por conta de contrato de comodato
5000 - SAÍDAS OU PRESTAÇÕES DE SERVIÇOS PARA O ESTADO;5910;Remessa em bonificação, doação ou brinde
5000 - SAÍDAS OU PRESTAÇÕES DE SERVIÇOS PARA O ESTADO;5911;Remessa de amostra grátis
5000 - SAÍDAS OU PRESTAÇÕES DE SERVIÇOS PARA O ESTADO;5912;Remessa de mercadoria ou bem p/ demonstração
5000 - SAÍDAS OU PRESTAÇÕES DE SERVIÇOS PARA O ESTADO;5913;Retorno de mercadoria ou bem recebido p/ demonstração
5000 - SAÍDAS OU PRESTAÇÕES DE SERVIÇOS PARA O ESTADO;5914;Remessa de mercadoria ou bem p/ exposição ou feira
5000 - SAÍDAS OU PRESTAÇÕES DE SERVIÇOS PARA O ESTADO;5915;Remessa de mercadoria ou bem p/ conserto ou reparo
5000 - SAÍDAS OU PRESTAÇÕES DE SERVIÇOS PARA O ESTADO;5916;Retorno de mercadoria ou bem recebido p/ conserto ou reparo
5000 - SAÍDAS OU PRESTAÇÕES DE SERVIÇOS PARA O ESTADO;5917;Remessa de mercadoria em consignação mercantil ou industrial
5000 - SAÍDAS OU PRESTAÇÕES DE SERVIÇOS PARA O ESTADO;5918;Devolução de mercadoria recebida em consignação mercantil ou industrial
5000 - SAÍDAS OU PRESTAÇÕES DE SERVIÇOS PARA O ESTADO;5919;Devolução simbólica de mercadoria vendida ou utilizada em processo industrial, recebida anteriormente em consignação mercantil ou industrial
5000 - SAÍDAS OU PRESTAÇÕES DE SERVIÇOS PARA O ESTADO;5920;Remessa de vasilhame ou sacaria
5000 - SAÍDAS OU PRESTAÇÕES DE SERVIÇOS PARA O ESTADO;5921;Devolução de vasilhame ou sacaria
5000 - SAÍDAS OU PRESTAÇÕES DE SERVIÇOS PARA O ESTADO;5922;Lançamento efetuado a título de simples faturamento decorrente de venda p/ entrega futura
5000 - SAÍDAS OU PRESTAÇÕES DE SERVIÇOS PARA O ESTADO;5923;Remessa de mercadoria por conta e ordem de terceiros, em venda à ordem ou em operações com armazém geral ou depósito fechado.
5000 - SAÍDAS OU PRESTAÇÕES DE SERVIÇOS PARA O ESTADO;5924;Remessa p/ industrialização por conta e ordem do adquirente da mercadoria, quando esta não transitar pelo estabelecimento do adquirente
5000 - SAÍDAS OU PRESTAÇÕES DE SERVIÇOS PARA O ESTADO;5925;Retorno de mercadoria recebida p/ industrialização por conta e ordem do adquirente da mercadoria, quando aquela não transitar pelo estabelecimento do adquirente
5000 - SAÍDAS OU PRESTAÇÕES DE SERVIÇOS PARA O ESTADO;5926;Lançamento efetuado a título de reclassificação de mercadoria decorrente de formação de kit ou de sua desagregação
5000 - SAÍDAS OU PRESTAÇÕES DE SERVIÇOS PARA O ESTADO;5927;Lançamento efetuado a título de baixa de estoque decorrente de perda, roubo ou deterioração
5000 - SAÍDAS OU PRESTAÇÕES DE SERVIÇOS PARA O ESTADO;5928;Lançamento efetuado a título de baixa de estoque decorrente do encerramento da atividade da empresa
5000 - SAÍDAS OU PRESTAÇÕES DE SERVIÇOS PARA O ESTADO;5929;Lançamento efetuado em decorrência de emissão de documento fiscal relativo a operação ou prestação também registrada em equipamento Emissor de Cupom Fiscal - ECF
5000 - SAÍDAS OU PRESTAÇÕES DE SERVIÇOS PARA O ESTADO;5931;Lançamento efetuado em decorrência da responsabilidade de retenção do imposto por substituição tributária, atribuída ao remetente ou alienante da mercadoria, pelo serviço de transporte realizado por transportador autônomo ou por transportador não inscrito na UF onde iniciado o serviço
5000 - SAÍDAS OU PRESTAÇÕES DE SERVIÇOS PARA O ESTADO;5932;Prestação de serviço de transporte iniciada em UF diversa daquela onde inscrito o prestador
5000 - SAÍDAS OU PRESTAÇÕES DE SERVIÇOS PARA O ESTADO;5933;Prestação de serviço tributado pelo Imposto Sobre Serviços de Qualquer Natureza
5000 - SAÍDAS OU PRESTAÇÕES DE SERVIÇOS PARA O ESTADO;5934;Remessa simbólica de mercadoria depositada em armazém geral ou depósito fechado.
5000 - SAÍDAS OU PRESTAÇÕES DE SERVIÇOS PARA O ESTADO;5949;Outra saída de mercadoria ou prestação de serviço não especificado
6000 - SAÍDAS OU PRESTAÇÕES DE SERVIÇOS PARA OUTROS ESTADOS;6101;Venda de produção do estabelecimento
6000 - SAÍDAS OU PRESTAÇÕES DE SERVIÇOS PARA OUTROS ESTADOS;6102;Venda de mercadoria adquirida ou recebida de terceiros
6000 - SAÍDAS OU PRESTAÇÕES DE SERVIÇOS PARA OUTROS ESTADOS;6103;Venda de produção do estabelecimento, efetuada fora do estabelecimento
6000 - SAÍDAS OU PRESTAÇÕES DE SERVIÇOS PARA OUTROS ESTADOS;6104;Venda de mercadoria adquirida ou recebida de terceiros, efetuada fora do estabelecimento
6000 - SAÍDAS OU PRESTAÇÕES DE SERVIÇOS PARA OUTROS ESTADOS;6105;Venda de produção do estabelecimento que não deva por ele transitar
6000 - SAÍDAS OU PRESTAÇÕES DE SERVIÇOS PARA OUTROS ESTADOS;6106;Venda de mercadoria adquirida ou recebida de terceiros, que não deva por ele transitar
6000 - SAÍDAS OU PRESTAÇÕES DE SERVIÇOS PARA OUTROS ESTADOS;6107;Venda de produção do estabelecimento, destinada a não contribuinte
6000 - SAÍDAS OU PRESTAÇÕES DE SERVIÇOS PARA OUTROS ESTADOS;6108;Venda de mercadoria adquirida ou recebida de terceiros, destinada a não contribuinte
6000 - SAÍDAS OU PRESTAÇÕES DE SERVIÇOS PARA OUTROS ESTADOS;6109;Venda de produção do estabelecimento destinada à ZFM ou ALC
6000 - SAÍDAS OU PRESTAÇÕES DE SERVIÇOS PARA OUTROS ESTADOS;6110;Venda de mercadoria, adquirida ou recebida de terceiros, destinada à ZFM ou ALC
6000 - SAÍDAS OU PRESTAÇÕES DE SERVIÇOS PARA OUTROS ESTADOS;6111;Venda de produção do estabelecimento remetida anteriormente em consignação industrial
6000 - SAÍDAS OU PRESTAÇÕES DE SERVIÇOS PARA OUTROS ESTADOS;6112;Venda de mercadoria adquirida ou recebida de Terceiros remetida anteriormente em consignação industrial
6000 - SAÍDAS OU PRESTAÇÕES DE SERVIÇOS PARA OUTROS ESTADOS;6113;Venda de produção do estabelecimento remetida anteriormente em consignação mercantil
6000 - SAÍDAS OU PRESTAÇÕES DE SERVIÇOS PARA OUTROS ESTADOS;6114;Venda de mercadoria adquirida ou recebida de terceiros remetida anteriormente em consignação mercantil
6000 - SAÍDAS OU PRESTAÇÕES DE SERVIÇOS PARA OUTROS ESTADOS;6115;Venda de mercadoria adquirida ou recebida de terceiros, recebida anteriormente em consignação mercantil
6000 - SAÍDAS OU PRESTAÇÕES DE SERVIÇOS PARA OUTROS ESTADOS;6116;Venda de produção do estabelecimento originada de encomenda p/ entrega futura
6000 - SAÍDAS OU PRESTAÇÕES DE SERVIÇOS PARA OUTROS ESTADOS;6117;Venda de mercadoria adquirida ou recebida de terceiros, originada de encomenda p/ entrega futura
6000 - SAÍDAS OU PRESTAÇÕES DE SERVIÇOS PARA OUTROS ESTADOS;6118;Venda de produção do estabelecimento entregue ao destinatário por conta e ordem do adquirente originário, em venda à ordem
6000 - SAÍDAS OU PRESTAÇÕES DE SERVIÇOS PARA OUTROS ESTADOS;6119;Venda de mercadoria adquirida ou recebida de terceiros entregue ao destinatário por conta e ordem do adquirente originário, em venda à ordem
6000 - SAÍDAS OU PRESTAÇÕES DE SERVIÇOS PARA OUTROS ESTADOS;6120;Venda de mercadoria adquirida ou recebida de terceiros entregue ao destinatário pelo vendedor remetente, em venda à ordem
6000 - SAÍDAS OU PRESTAÇÕES DE SERVIÇOS PARA OUTROS ESTADOS;6122;Venda de produção do estabelecimento remetida p/ industrialização, por conta e ordem do adquirente, sem transitar pelo estabelecimento do adquirente
6000 - SAÍDAS OU PRESTAÇÕES DE SERVIÇOS PARA OUTROS ESTADOS;6123;Venda de mercadoria adquirida ou recebida de terceiros remetida p/ industrialização, por conta e ordem do adquirente, sem transitar pelo estabelecimento do adquirente
6000 - SAÍDAS OU PRESTAÇÕES DE SERVIÇOS PARA OUTROS ESTADOS;6124;Industrialização efetuada p/ outra empresa
6000 - SAÍDAS OU PRESTAÇÕES DE SERVIÇOS PARA OUTROS ESTADOS;6125;Industrialização efetuada p/ outra empresa quando a mercadoria recebida p/ utilização no processo de industrialização não transitar pelo estabelecimento adquirente da mercadoria
6000 - SAÍDAS OU PRESTAÇÕES DE SERVIÇOS PARA OUTROS ESTADOS;6129;Venda de insumo importado e de mercadoria industrializada sob o amparo do Regime Aduaneiro Especial de Entreposto Industrial (Recof-Sped)
6000 - SAÍDAS OU PRESTAÇÕES DE SERVIÇOS PARA OUTROS ESTADOS;6131;Venda de insumo importado e de mercadoria industrializada sob o amparo do Regime Aduaneiro Especial de Entreposto Industrial (Recof-Sped)
6000 - SAÍDAS OU PRESTAÇÕES DE SERVIÇOS PARA OUTROS ESTADOS;6132;Venda de insumo importado e de mercadoria industrializada sob o amparo do Regime Aduaneiro Especial de Entreposto Industrial (Recof-Sped)
6000 - SAÍDAS OU PRESTAÇÕES DE SERVIÇOS PARA OUTROS ESTADOS;6151;Transferência de produção do estabelecimento
6000 - SAÍDAS OU PRESTAÇÕES DE SERVIÇOS PARA OUTROS ESTADOS;6152;Transferência de mercadoria adquirida ou recebida de terceiros
6000 - SAÍDAS OU PRESTAÇÕES DE SERVIÇOS PARA OUTROS ESTADOS;6153;Transferência de energia elétrica
6000 - SAÍDAS OU PRESTAÇÕES DE SERVIÇOS PARA OUTROS ESTADOS;6155;Transferência de produção do estabelecimento, que não deva por ele transitar
6000 - SAÍDAS OU PRESTAÇÕES DE SERVIÇOS PARA OUTROS ESTADOS;6156;Transferência de mercadoria adquirida ou recebida de terceiros, que não deva por ele transitar
6000 - SAÍDAS OU PRESTAÇÕES DE SERVIÇOS PARA OUTROS ESTADOS;6159;Transferência de mercadoria adquirida ou recebida de terceiros, que não deva por ele transitar
6000 - SAÍDAS OU PRESTAÇÕES DE SERVIÇOS PARA OUTROS ESTADOS;6160;Transferência de mercadoria adquirida ou recebida de terceiros, que não deva por ele transitar
6000 - SAÍDAS OU PRESTAÇÕES DE SERVIÇOS PARA OUTROS ESTADOS;6201;Devolução de compra p/ industrialização ou produção rural
6000 - SAÍDAS OU PRESTAÇÕES DE SERVIÇOS PARA OUTROS ESTADOS;6202;Devolução de compra p/ comercialização
6000 - SAÍDAS OU PRESTAÇÕES DE SERVIÇOS PARA OUTROS ESTADOS;6205;Anulação de valor relativo a aquisição de serviço de comunicação
6000 - SAÍDAS OU PRESTAÇÕES DE SERVIÇOS PARA OUTROS ESTADOS;6206;Anulação de valor relativo a aquisição de serviço de transporte
6000 - SAÍDAS OU PRESTAÇÕES DE SERVIÇOS PARA OUTROS ESTADOS;6207;Anulação de valor relativo à compra de energia elétrica
6000 - SAÍDAS OU PRESTAÇÕES DE SERVIÇOS PARA OUTROS ESTADOS;6208;Devolução de mercadoria recebida em transferência p/ industrialização ou produção rural 
6000 - SAÍDAS OU PRESTAÇÕES DE SERVIÇOS PARA OUTROS ESTADOS;6209;Devolução de mercadoria recebida em transferência p/ comercialização
6000 - SAÍDAS OU PRESTAÇÕES DE SERVIÇOS PARA OUTROS ESTADOS;6210;Devolução de compra p/ utilização na prestação de serviço
6000 - SAÍDAS OU PRESTAÇÕES DE SERVIÇOS PARA OUTROS ESTADOS;6213;Devolução de compra p/ utilização na prestação de serviço
6000 - SAÍDAS OU PRESTAÇÕES DE SERVIÇOS PARA OUTROS ESTADOS;6214;Devolução de compra p/ utilização na prestação de serviço
6000 - SAÍDAS OU PRESTAÇÕES DE SERVIÇOS PARA OUTROS ESTADOS;6215;Devolução de compra p/ utilização na prestação de serviço
6000 - SAÍDAS OU PRESTAÇÕES DE SERVIÇOS PARA OUTROS ESTADOS;6251;Venda de energia elétrica p/ distribuição ou comercialização
6000 - SAÍDAS OU PRESTAÇÕES DE SERVIÇOS PARA OUTROS ESTADOS;6252;Venda de energia elétrica p/ estabelecimento industrial
6000 - SAÍDAS OU PRESTAÇÕES DE SERVIÇOS PARA OUTROS ESTADOS;6253;Venda de energia elétrica p/ estabelecimento comercial
6000 - SAÍDAS OU PRESTAÇÕES DE SERVIÇOS PARA OUTROS ESTADOS;6254;Venda de energia elétrica p/ estabelecimento prestador de serviço de transporte
6000 - SAÍDAS OU PRESTAÇÕES DE SERVIÇOS PARA OUTROS ESTADOS;6255;Venda de energia elétrica p/ estabelecimento prestador de serviço de comunicação
6000 - SAÍDAS OU PRESTAÇÕES DE SERVIÇOS PARA OUTROS ESTADOS;6256;Venda de energia elétrica p/ estabelecimento de produtor rural
6000 - SAÍDAS OU PRESTAÇÕES DE SERVIÇOS PARA OUTROS ESTADOS;6257;Venda de energia elétrica p/ consumo por demanda contratada
6000 - SAÍDAS OU PRESTAÇÕES DE SERVIÇOS PARA OUTROS ESTADOS;6258;Venda de energia elétrica a não contribuinte
6000 - SAÍDAS OU PRESTAÇÕES DE SERVIÇOS PARA OUTROS ESTADOS;6301;Prestação de serviço de comunicação p/ execução de serviço da mesma natureza
6000 - SAÍDAS OU PRESTAÇÕES DE SERVIÇOS PARA OUTROS ESTADOS;6302;Prestação de serviço de comunicação a estabelecimento industrial
6000 - SAÍDAS OU PRESTAÇÕES DE SERVIÇOS PARA OUTROS ESTADOS;6303;Prestação de serviço de comunicação a estabelecimento comercial
6000 - SAÍDAS OU PRESTAÇÕES DE SERVIÇOS PARA OUTROS ESTADOS;6304;Prestação de serviço de comunicação a estabelecimento de prestador de serviço de transporte
6000 - SAÍDAS OU PRESTAÇÕES DE SERVIÇOS PARA OUTROS ESTADOS;6305;Prestação de serviço de comunicação a estabelecimento de geradora ou de distribuidora de energia elétrica
6000 - SAÍDAS OU PRESTAÇÕES DE SERVIÇOS PARA OUTROS ESTADOS;6306;Prestação de serviço de comunicação a estabelecimento de produtor rural
6000 - SAÍDAS OU PRESTAÇÕES DE SERVIÇOS PARA OUTROS ESTADOS;6307;Prestação de serviço de comunicação a não contribuinte
6000 - SAÍDAS OU PRESTAÇÕES DE SERVIÇOS PARA OUTROS ESTADOS;6351;Prestação de serviço de transporte p/ execução de serviço da mesma natureza
6000 - SAÍDAS OU PRESTAÇÕES DE SERVIÇOS PARA OUTROS ESTADOS;6352;Prestação de serviço de transporte a estabelecimento industrial
6000 - SAÍDAS OU PRESTAÇÕES DE SERVIÇOS PARA OUTROS ESTADOS;6353;Prestação de serviço de transporte a estabelecimento comercial
6000 - SAÍDAS OU PRESTAÇÕES DE SERVIÇOS PARA OUTROS ESTADOS;6354;Prestação de serviço de transporte a estabelecimento de prestador de serviço de comunicação
6000 - SAÍDAS OU PRESTAÇÕES DE SERVIÇOS PARA OUTROS ESTADOS;6355;Prestação de serviço de transporte a estabelecimento de geradora ou de distribuidora de energia elétrica
6000 - SAÍDAS OU PRESTAÇÕES DE SERVIÇOS PARA OUTROS ESTADOS;6356;Prestação de serviço de transporte a estabelecimento de produtor rural
6000 - SAÍDAS OU PRESTAÇÕES DE SERVIÇOS PARA OUTROS ESTADOS;6357;Prestação de serviço de transporte a não contribuinte
6000 - SAÍDAS OU PRESTAÇÕES DE SERVIÇOS PARA OUTROS ESTADOS;6359;Prestação de serviço de transporte a contribuinte ou a não-contribuinte, quando a mercadoria transportada esteja dispensada de emissão de Nota Fiscal  
6000 - SAÍDAS OU PRESTAÇÕES DE SERVIÇOS PARA OUTROS ESTADOS;6360;Prestação de serviço de transporte a contribuinte substituto em relação ao serviço de transporte  
6000 - SAÍDAS OU PRESTAÇÕES DE SERVIÇOS PARA OUTROS ESTADOS;6401;Venda de produção do estabelecimento quando o produto sujeito a ST
6000 - SAÍDAS OU PRESTAÇÕES DE SERVIÇOS PARA OUTROS ESTADOS;6402;Venda de produção do estabelecimento de produto sujeito a ST, em operação entre contribuintes substitutos do mesmo produto
6000 - SAÍDAS OU PRESTAÇÕES DE SERVIÇOS PARA OUTROS ESTADOS;6403;Venda de mercadoria adquirida ou recebida de terceiros em operação com mercadoria sujeita a ST, na condição de contribuinte substituto
6000 - SAÍDAS OU PRESTAÇÕES DE SERVIÇOS PARA OUTROS ESTADOS;6404;Venda de mercadoria sujeita a ST, cujo imposto já tenha sido retido anteriormente
6000 - SAÍDAS OU PRESTAÇÕES DE SERVIÇOS PARA OUTROS ESTADOS;6408;Transferência de produção do estabelecimento quando o produto sujeito a ST
6000 - SAÍDAS OU PRESTAÇÕES DE SERVIÇOS PARA OUTROS ESTADOS;6409;Transferência de mercadoria adquirida ou recebida de terceiros, sujeita a ST
6000 - SAÍDAS OU PRESTAÇÕES DE SERVIÇOS PARA OUTROS ESTADOS;6410;Devolução de compra p/ industrialização ou ptrodução rural quando a mercadoria sujeita a ST
6000 - SAÍDAS OU PRESTAÇÕES DE SERVIÇOS PARA OUTROS ESTADOS;6411;Devolução de compra p/ comercialização em operação com mercadoria sujeita a ST
6000 - SAÍDAS OU PRESTAÇÕES DE SERVIÇOS PARA OUTROS ESTADOS;6412;Devolução de bem do ativo imobilizado, em operação com mercadoria sujeita a ST
6000 - SAÍDAS OU PRESTAÇÕES DE SERVIÇOS PARA OUTROS ESTADOS;6413;Devolução de mercadoria destinada ao uso ou consumo, em operação com mercadoria sujeita a ST
6000 - SAÍDAS OU PRESTAÇÕES DE SERVIÇOS PARA OUTROS ESTADOS;6414;Remessa de produção do estabelecimento p/ venda fora do estabelecimento, quando o produto sujeito a ST
6000 - SAÍDAS OU PRESTAÇÕES DE SERVIÇOS PARA OUTROS ESTADOS;6415;Remessa de mercadoria adquirida ou recebida de terceiros p/ venda fora do estabelecimento, quando a referida ração com mercadoria sujeita a ST
6000 - SAÍDAS OU PRESTAÇÕES DE SERVIÇOS PARA OUTROS ESTADOS;6501;Remessa de produção do estabelecimento, com fim específico de exportação
6000 - SAÍDAS OU PRESTAÇÕES DE SERVIÇOS PARA OUTROS ESTADOS;6502;Remessa de mercadoria adquirida ou recebida de terceiros, com fim específico de exportação
6000 - SAÍDAS OU PRESTAÇÕES DE SERVIÇOS PARA OUTROS ESTADOS;6503;Devolução de mercadoria recebida com fim específico de exportação
6000 - SAÍDAS OU PRESTAÇÕES DE SERVIÇOS PARA OUTROS ESTADOS;6504;Remessa de mercadoria p/ formação de lote de exportação, de produto industrializado ou produzido pelo próprio estabelecimento.
6000 - SAÍDAS OU PRESTAÇÕES DE SERVIÇOS PARA OUTROS ESTADOS;6505;Remessa de mercadoria, adquirida ou recebida de terceiros, p/ formação de lote de exportação.
6000 - SAÍDAS OU PRESTAÇÕES DE SERVIÇOS PARA OUTROS ESTADOS;6551;Venda de bem do ativo imobilizado
6000 - SAÍDAS OU PRESTAÇÕES DE SERVIÇOS PARA OUTROS ESTADOS;6552;Transferência de bem do ativo imobilizado
6000 - SAÍDAS OU PRESTAÇÕES DE SERVIÇOS PARA OUTROS ESTADOS;6553;Devolução de compra de bem p/ o ativo imobilizado
6000 - SAÍDAS OU PRESTAÇÕES DE SERVIÇOS PARA OUTROS ESTADOS;6554;Remessa de bem do ativo imobilizado p/ uso fora do estabelecimento
6000 - SAÍDAS OU PRESTAÇÕES DE SERVIÇOS PARA OUTROS ESTADOS;6555;Devolução de bem do ativo imobilizado de terceiro, recebido p/ uso no estabelecimento
6000 - SAÍDAS OU PRESTAÇÕES DE SERVIÇOS PARA OUTROS ESTADOS;6556;Devolução de compra de material de uso ou consumo
6000 - SAÍDAS OU PRESTAÇÕES DE SERVIÇOS PARA OUTROS ESTADOS;6557;Transferência de material de uso ou consumo
6000 - SAÍDAS OU PRESTAÇÕES DE SERVIÇOS PARA OUTROS ESTADOS;6603;Ressarcimento de ICMS retido por substituição tributária
6000 - SAÍDAS OU PRESTAÇÕES DE SERVIÇOS PARA OUTROS ESTADOS;6651;Venda de combustível ou lubrificante, de produção do estabelecimento, destinados à industrialização subseqüente
6000 - SAÍDAS OU PRESTAÇÕES DE SERVIÇOS PARA OUTROS ESTADOS;6652;Venda de combustível ou lubrificante, de produção do estabelecimento, destinados à comercialização
6000 - SAÍDAS OU PRESTAÇÕES DE SERVIÇOS PARA OUTROS ESTADOS;6653;Venda de combustível ou lubrificante, de produção do estabelecimento, destinados a consumidor ou usuário final 
6000 - SAÍDAS OU PRESTAÇÕES DE SERVIÇOS PARA OUTROS ESTADOS;6654;Venda de combustível ou lubrificante, adquiridos ou recebidos de terceiros, destinados à industrialização subseqüente 
6000 - SAÍDAS OU PRESTAÇÕES DE SERVIÇOS PARA OUTROS ESTADOS;6655;Venda de combustível ou lubrificante, adquiridos ou recebidos de terceiros, destinados à comercialização
6000 - SAÍDAS OU PRESTAÇÕES DE SERVIÇOS PARA OUTROS ESTADOS;6656;Venda de combustível ou lubrificante, adquiridos ou recebidos de terceiros, destinados a consumidor ou usuário final
6000 - SAÍDAS OU PRESTAÇÕES DE SERVIÇOS PARA OUTROS ESTADOS;6657;Remessa de combustível ou lubrificante, adquiridos ou recebidos de terceiros, p/ venda fora do estabelecimento
6000 - SAÍDAS OU PRESTAÇÕES DE SERVIÇOS PARA OUTROS ESTADOS;6658;Transferência de combustível ou lubrificante de produção do estabelecimento
6000 - SAÍDAS OU PRESTAÇÕES DE SERVIÇOS PARA OUTROS ESTADOS;6659;Transferência de combustível ou lubrificante adquiridos ou recebidos de terceiros
6000 - SAÍDAS OU PRESTAÇÕES DE SERVIÇOS PARA OUTROS ESTADOS;6660;Devolução de compra de combustível ou lubrificante adquiridos p/ industrialização subseqüente
6000 - SAÍDAS OU PRESTAÇÕES DE SERVIÇOS PARA OUTROS ESTADOS;6661;Devolução de compra de combustível ou lubrificante adquiridos p/ comercialização
6000 - SAÍDAS OU PRESTAÇÕES DE SERVIÇOS PARA OUTROS ESTADOS;6662;Devolução de compra de combustível ou lubrificante adquiridos por consumidor ou usuário final
6000 - SAÍDAS OU PRESTAÇÕES DE SERVIÇOS PARA OUTROS ESTADOS;6663;Remessa p/ armazenagem de combustível ou lubrificante
6000 - SAÍDAS OU PRESTAÇÕES DE SERVIÇOS PARA OUTROS ESTADOS;6664;Retorno de combustível ou lubrificante recebidos p/ armazenagem
6000 - SAÍDAS OU PRESTAÇÕES DE SERVIÇOS PARA OUTROS ESTADOS;6665;Retorno simbólico de combustível ou lubrificante recebidos p/ armazenagem
6000 - SAÍDAS OU PRESTAÇÕES DE SERVIÇOS PARA OUTROS ESTADOS;6666;Remessa, por conta e ordem de terceiros, de combustível ou lubrificante recebidos p/ armazenagem
6000 - SAÍDAS OU PRESTAÇÕES DE SERVIÇOS PARA OUTROS ESTADOS;6667;Venda de combustível ou lubrificante a consumidor ou usuário final estabelecido em outra UF diferente da que ocorrer o consumo
6000 - SAÍDAS OU PRESTAÇÕES DE SERVIÇOS PARA OUTROS ESTADOS;6901;Remessa p/ industrialização por encomenda
6000 - SAÍDAS OU PRESTAÇÕES DE SERVIÇOS PARA OUTROS ESTADOS;6902;Retorno de mercadoria utilizada na industrialização por encomenda
6000 - SAÍDAS OU PRESTAÇÕES DE SERVIÇOS PARA OUTROS ESTADOS;6903;Retorno de mercadoria recebida p/ industrialização e não aplicada no referido processo
6000 - SAÍDAS OU PRESTAÇÕES DE SERVIÇOS PARA OUTROS ESTADOS;6904;Remessa p/ venda fora do estabelecimento
6000 - SAÍDAS OU PRESTAÇÕES DE SERVIÇOS PARA OUTROS ESTADOS;6905;Remessa p/ depósito fechado ou armazém geral
6000 - SAÍDAS OU PRESTAÇÕES DE SERVIÇOS PARA OUTROS ESTADOS;6906;Retorno de mercadoria depositada em depósito fechado ou armazém geral
6000 - SAÍDAS OU PRESTAÇÕES DE SERVIÇOS PARA OUTROS ESTADOS;6907;Retorno simbólico de mercadoria depositada em depósito fechado ou armazém geral
6000 - SAÍDAS OU PRESTAÇÕES DE SERVIÇOS PARA OUTROS ESTADOS;6908;Remessa de bem por conta de contrato de comodato
6000 - SAÍDAS OU PRESTAÇÕES DE SERVIÇOS PARA OUTROS ESTADOS;6909;Retorno de bem recebido por conta de contrato de comodato
6000 - SAÍDAS OU PRESTAÇÕES DE SERVIÇOS PARA OUTROS ESTADOS;6910;Remessa em bonificação, doação ou brinde
6000 - SAÍDAS OU PRESTAÇÕES DE SERVIÇOS PARA OUTROS ESTADOS;6911;Remessa de amostra grátis
6000 - SAÍDAS OU PRESTAÇÕES DE SERVIÇOS PARA OUTROS ESTADOS;6912;Remessa de mercadoria ou bem p/ demonstração
6000 - SAÍDAS OU PRESTAÇÕES DE SERVIÇOS PARA OUTROS ESTADOS;6913;Retorno de mercadoria ou bem recebido p/ demonstração
6000 - SAÍDAS OU PRESTAÇÕES DE SERVIÇOS PARA OUTROS ESTADOS;6914;Remessa de mercadoria ou bem p/ exposição ou feira
6000 - SAÍDAS OU PRESTAÇÕES DE SERVIÇOS PARA OUTROS ESTADOS;6915;Remessa de mercadoria ou bem p/ conserto ou reparo
6000 - SAÍDAS OU PRESTAÇÕES DE SERVIÇOS PARA OUTROS ESTADOS;6916;Retorno de mercadoria ou bem recebido p/ conserto ou reparo
6000 - SAÍDAS OU PRESTAÇÕES DE SERVIÇOS PARA OUTROS ESTADOS;6917;Remessa de mercadoria em consignação mercantil ou industrial
6000 - SAÍDAS OU PRESTAÇÕES DE SERVIÇOS PARA OUTROS ESTADOS;6918;Devolução de mercadoria recebida em consignação mercantil ou industrial
6000 - SAÍDAS OU PRESTAÇÕES DE SERVIÇOS PARA OUTROS ESTADOS;6919;Devolução simbólica de mercadoria vendida ou utilizada em processo industrial, recebida anteriormente em consignação mercantil ou industrial
6000 - SAÍDAS OU PRESTAÇÕES DE SERVIÇOS PARA OUTROS ESTADOS;6920;Remessa de vasilhame ou sacaria
6000 - SAÍDAS OU PRESTAÇÕES DE SERVIÇOS PARA OUTROS ESTADOS;6921;Devolução de vasilhame ou sacaria
6000 - SAÍDAS OU PRESTAÇÕES DE SERVIÇOS PARA OUTROS ESTADOS;6922;Lançamento efetuado a título de simples faturamento decorrente de venda p/ entrega futura
6000 - SAÍDAS OU PRESTAÇÕES DE SERVIÇOS PARA OUTROS ESTADOS;6923;Remessa de mercadoria por conta e ordem de terceiros, em venda à ordem ou em operações com armazém geral ou depósito fechado
6000 - SAÍDAS OU PRESTAÇÕES DE SERVIÇOS PARA OUTROS ESTADOS;6924;Remessa p/ industrialização por conta e ordem do adquirente da mercadoria, quando esta não transitar pelo estabelecimento do adquirente
6000 - SAÍDAS OU PRESTAÇÕES DE SERVIÇOS PARA OUTROS ESTADOS;6925;Retorno de mercadoria recebida p/ industrialização por conta e ordem do adquirente da mercadoria, quando aquela não transitar pelo estabelecimento do adquirente
6000 - SAÍDAS OU PRESTAÇÕES DE SERVIÇOS PARA OUTROS ESTADOS;6929;Lançamento efetuado em decorrência de emissão de documento fiscal relativo a operação ou prestação também registrada em equipamento Emissor de Cupom Fiscal - ECF
6000 - SAÍDAS OU PRESTAÇÕES DE SERVIÇOS PARA OUTROS ESTADOS;6931;Lançamento efetuado em decorrência da responsabilidade de retenção do imposto por substituição tributária, atribuída ao remetente ou alienante da mercadoria, pelo serviço de transporte realizado por transportador autônomo ou por transportador não inscrito na UF onde iniciado o serviço
6000 - SAÍDAS OU PRESTAÇÕES DE SERVIÇOS PARA OUTROS ESTADOS;6932;Prestação de serviço de transporte iniciada em UF diversa daquela onde inscrito o prestador
6000 - SAÍDAS OU PRESTAÇÕES DE SERVIÇOS PARA OUTROS ESTADOS;6933;Prestação de serviço tributado pelo Imposto Sobre Serviços de Qualquer Natureza 
6000 - SAÍDAS OU PRESTAÇÕES DE SERVIÇOS PARA OUTROS ESTADOS;6934;Remessa simbólica de mercadoria depositada em armazém geral ou depósito fechado
6000 - SAÍDAS OU PRESTAÇÕES DE SERVIÇOS PARA OUTROS ESTADOS;6949;Outra saída de mercadoria ou prestação de serviço não especificado
7000 - SAÍDAS OU PRESTAÇÕES DE SERVIÇOS PARA O EXTERIOR;7101;Venda de produção do estabelecimento
7000 - SAÍDAS OU PRESTAÇÕES DE SERVIÇOS PARA O EXTERIOR;7102;Venda de mercadoria adquirida ou recebida de terceiros
7000 - SAÍDAS OU PRESTAÇÕES DE SERVIÇOS PARA O EXTERIOR;7105;Venda de produção do estabelecimento, que não deva por ele transitar
7000 - SAÍDAS OU PRESTAÇÕES DE SERVIÇOS PARA O EXTERIOR;7106;Venda de mercadoria adquirida ou recebida de terceiros, que não deva por ele transitar
7000 - SAÍDAS OU PRESTAÇÕES DE SERVIÇOS PARA O EXTERIOR;7127;Venda de produção do estabelecimento sob o regime de drawback 
7000 - SAÍDAS OU PRESTAÇÕES DE SERVIÇOS PARA O EXTERIOR;7129;Venda de produção do estabelecimento ao mercado externo de mercadoria industrializada sob o amparo do Regime Aduaneiro Especial de Entreposto Industrial (Recof-Sped)
7000 - SAÍDAS OU PRESTAÇÕES DE SERVIÇOS PARA O EXTERIOR;7201;Devolução de compra p/ industrialização ou produção rural
7000 - SAÍDAS OU PRESTAÇÕES DE SERVIÇOS PARA O EXTERIOR;7202;Devolução de compra p/ comercialização
7000 - SAÍDAS OU PRESTAÇÕES DE SERVIÇOS PARA O EXTERIOR;7205;Anulação de valor relativo à aquisição de serviço de comunicação
7000 - SAÍDAS OU PRESTAÇÕES DE SERVIÇOS PARA O EXTERIOR;7206;Anulação de valor relativo a aquisição de serviço de transporte
7000 - SAÍDAS OU PRESTAÇÕES DE SERVIÇOS PARA O EXTERIOR;7207;Anulação de valor relativo à compra de energia elétrica
7000 - SAÍDAS OU PRESTAÇÕES DE SERVIÇOS PARA O EXTERIOR;7210;Devolução de compra p/ utilização na prestação de serviço
7000 - SAÍDAS OU PRESTAÇÕES DE SERVIÇOS PARA O EXTERIOR;7211;Devolução de compras p/ industrialização sob o regime de drawback 
7000 - SAÍDAS OU PRESTAÇÕES DE SERVIÇOS PARA O EXTERIOR;7212;Devolução de compras para industrialização sob o regime de Regime Aduaneiro Especial de Entreposto Industrial (Recof-Sped)
7000 - SAÍDAS OU PRESTAÇÕES DE SERVIÇOS PARA O EXTERIOR;7251;Venda de energia elétrica p/ o exterior
7000 - SAÍDAS OU PRESTAÇÕES DE SERVIÇOS PARA O EXTERIOR;7301;Prestação de serviço de comunicação p/ execução de serviço da mesma natureza
7000 - SAÍDAS OU PRESTAÇÕES DE SERVIÇOS PARA O EXTERIOR;7358;Prestação de serviço de transporte
7000 - SAÍDAS OU PRESTAÇÕES DE SERVIÇOS PARA O EXTERIOR;7501;Exportação de mercadorias recebidas com fim específico de exportação
7000 - SAÍDAS OU PRESTAÇÕES DE SERVIÇOS PARA O EXTERIOR;7504;Exportação de mercadoria que foi objeto de formação de lote de exportação 
7000 - SAÍDAS OU PRESTAÇÕES DE SERVIÇOS PARA O EXTERIOR;7551;Venda de bem do ativo imobilizado
7000 - SAÍDAS OU PRESTAÇÕES DE SERVIÇOS PARA O EXTERIOR;7552;"Saída de produtos destinados ao uso ou consumo de bordo, em embarcações ou aeronaves exclusivamente em tráfego internacional com destino ao exterior.
Classificam-se neste código as saídas de produtos destinados ao uso ou consumo de bordo, em embarcações ou aeronaves exclusivamente em tráfego internacional com destino ao exterior, cuja operação tenha sido equiparada a uma exportação."
7000 - SAÍDAS OU PRESTAÇÕES DE SERVIÇOS PARA O EXTERIOR;7553;Devolução de compra de bem p/ o ativo imobilizado
7000 - SAÍDAS OU PRESTAÇÕES DE SERVIÇOS PARA O EXTERIOR;7556;Devolução de compra de material de uso ou consumo
7000 - SAÍDAS OU PRESTAÇÕES DE SERVIÇOS PARA O EXTERIOR;7651;Venda de combustível ou lubrificante de produção do estabelecimento
7000 - SAÍDAS OU PRESTAÇÕES DE SERVIÇOS PARA O EXTERIOR;7654;Venda de combustível ou lubrificante adquiridos ou recebidos de terceiros
7000 - SAÍDAS OU PRESTAÇÕES DE SERVIÇOS PARA O EXTERIOR;7667;"Venda de combustível ou lubrificante a consumidor ou usuário final
Classificam-se neste código as vendas de combustíveis ou lubrificantes a consumidor ou a usuário
final, em embarcações ou aeronaves, nacionais ou estrangeiras, exclusivamente em tráfego"
7000 - SAÍDAS OU PRESTAÇÕES DE SERVIÇOS PARA O EXTERIOR;7930;Lançamento efetuado a título de devolução de bem cuja entrada tenha ocorrido sob amparo de regime especial aduaneiro de admissão temporária
7000 - SAÍDAS OU PRESTAÇÕES DE SERVIÇOS PARA O EXTERIOR;7949;Outra saída de mercadoria ou prestação de serviço não especificado
